Date,SPY,QQQ,TLT,GLD,IEF
2016-09-21,0.011245358979794284,0.00982915184738875,0.00808751061472135,0.014588601451239303,0.0016203960425791308
2016-09-22,0.00630165363663715,0.007955805605130983,0.007948187007433605,0.00235721740921524,0.0029664114511180895
2016-09-23,-0.005479468959712963,-0.006381384671856782,-0.0009488362514856741,0.0006271210413582029,0.0004483312886394142
2016-09-26,-0.008102060097744834,-0.00836647488196618,0.006358547110133506,-0.0007833801247610905,0.002866530856489913
2016-09-27,0.006208015601729011,0.009885464479142403,0.007335343602568711,-0.007291260548213385,0.0016971835731034446
2016-09-28,0.004963570780469606,0.0016878395646688915,-0.002162343552096213,-0.003159070582864132,-0.0004460063507519818
2016-09-29,-0.009047333446160044,-0.0072451236369960315,0.0025283964488103106,-0.0011884132817953086,0.0006246014486830376
2016-09-30,0.007546343177925241,0.007467769330148588,-0.008937106921457882,-0.003410805950794571,-0.00249641624470609
2016-10-03,-0.002404309815797645,-0.0014318400054297298,-0.003299766379668334,-0.0025469571504198596,-0.002326950665179961
2016-10-04,-0.0050977692084438475,-0.0015185108975670492,-0.011695558849699195,-0.03471112739159021,-0.004575225304482067
2016-10-05,0.004425268189812259,0.003548259121373354,-0.004659170552304581,-0.0015706575141682944,-0.0022532428239416813
2016-10-06,0.0006955434589954734,-0.0005051019276740565,-0.005572781602220966,-0.009273018119780652,-0.0020773446742395896
2016-10-07,-0.003429592051772623,-0.0021898582362162022,0.0006721454249392078,0.000668512445361813,0.0014482047719170943
2016-10-10,0.0052086219822675695,0.006330725161673989,-0.005898929229257832,0.0035076482865623593,-0.0026211786884633437
2016-10-11,-0.012629439563349831,-0.014259376098167631,-0.002253406751670628,-0.005076569505331308,-0.00027175464457762644
2016-10-12,0.0013118312444213576,-0.0008508183679055703,0.000978643508765975,0.0015892497462293154,0.0
2016-10-13,-0.0032757831329733866,-0.003576966279179916,0.003761241550154004,0.002421921836488483,0.0020846880735041484
2016-10-14,0.0005167081696846321,0.0011965790636863094,-0.014011911657608844,-0.0055819226506638175,-0.0030753888981884803
2016-10-17,-0.0034721456619389857,-0.0027317989206062654,0.006383068776554035,0.0026809625769763645,0.002177323079607163
2016-10-18,0.006262299804280058,0.008902579520304155,0.003246993569785861,0.006183137214928136,0.0019920520263982944
2016-10-19,0.002667379216313659,-8.483639412104615e-05,0.0008280425323010654,0.0057299655530487215,0.00045184692321065256
2016-10-20,-0.0018671345954558438,-0.0011879486944017525,0.0010530073079941804,-0.0030550965627722526,-0.0009028506746583398
2016-10-21,0.000467656827104701,0.0037381123599584676,0.001502116047498614,0.0007454362173064943,0.0010844521108979155
2016-10-24,0.004252786050400914,0.01201837107373871,-0.0043507043735308,-0.0022345797266349887,-0.0013544228953664694
2016-10-25,-0.003350754083884855,-0.0031777474600324096,0.002637698496863461,0.007548139354159433,-0.0001810088604621285
2016-10-26,-0.0020074173160474773,-0.0067958198834371375,-0.006763135705650791,-0.00559809251948773,-0.002170408614793673
2016-10-27,-0.002667088206763757,-0.00456179864455708,-0.010894622848944602,0.0018213529185828747,-0.0034445662842174096
2016-10-28,-0.0029554307464876306,-0.0062796506279062525,-0.0022179198630349894,0.0047103519110967,0.00018206254610708683
2016-10-31,4.724547529999512e-05,-0.0009394658465615713,0.006132380011319549,0.0029610183001298473,0.0008185191356002708
2016-11-01,-0.007245617201449783,-0.007521957633044196,7.630519888390808e-05,0.006478603409139305,3.676122412077376e-05
2016-11-02,-0.006018448582214897,-0.008009541490099248,0.004351070328275641,0.007414617516698918,0.003002231324277904
2016-11-03,-0.0045771169538613155,-0.00981084407133459,-0.00767600130798507,0.005338107937297831,-0.0006352639189989295
2016-11-04,-0.0011015086757821813,-0.003507033374274826,0.008961133227857188,0.0007240252267182168,0.003086743149370408
2016-11-07,0.02205695127798024,0.02375706137454947,-0.008502315270164984,-0.018007861361529542,-0.004162736798581146
2016-11-08,0.004503807841779173,0.00653194309149896,-0.0040571795123770515,-0.004175211869501427,-0.0035444762760735715
2016-11-09,0.010601935761840986,0.0046111306298981525,-0.04243234657053174,-0.0006576934516286936,-0.01522855597677264
2016-11-10,0.002495988103945912,-0.016149417168009217,-0.014771040834562377,-0.01488974658560116,-0.006019290913420128
2016-11-11,-0.0023054314000102716,0.00043163238280019556,-0.005621568203576177,-0.02212944906788228,-0.002049409701357807
2016-11-14,0.000785636491048125,-0.010103699907858199,-0.005981889440266119,-0.008454294420749409,-0.005787902743549012
2016-11-15,0.007802598055698384,0.013870996269805369,0.004946184024773759,0.00869866618655779,0.0
2016-11-16,-0.0018780228920209918,0.005936803960068016,0.009022902978423453,-0.002988440021410743,0.0009391188667779993
2016-11-17,0.005140471728348528,0.00727080646265077,-0.014714168969076402,-0.005138293152093909,-0.004409094760749355
2016-11-18,-0.0022374599073832213,-0.0037363858255027305,-0.002887961824965757,-0.008780207102896176,-0.0044283490477363685
2016-11-21,0.007551546395967668,0.010398580145604353,0.0024824220316501666,0.0037342622620732957,0.0008516257457187315
2016-11-22,0.001953294771716463,0.003037209793210982,-0.00033020335370814724,-0.00034608855246265335,0.0009459611398181522
2016-11-23,0.0005440937036766957,-0.0040371449989906605,-0.003880545073917663,-0.019819983532816443,-0.003590509922750562
2016-11-25,0.003715668461272248,0.0032089509580226494,0.0014919451049990595,-0.005651208738617575,-0.0008532514260608526
2016-11-28,-0.004695145061914818,-0.0022728701899220605,0.0073663800545828995,0.010567466787642088,0.004554895172689255
2016-11-29,0.001950290051551562,0.0034592502726116248,0.004190015230908006,-0.004657349687858581,0.0010393035203373202
2016-11-30,-0.0023991874969517824,-0.012107019508191708,-0.01620006984542466,-0.013419234467324848,-0.006700301617967197
2016-12-01,-0.003675418388653373,-0.01727656405250011,-0.010558550782796217,-0.0018791864382340373,-0.003814620066034835
2016-12-02,0.0005006195492422982,0.001992047349194115,0.0073273865255436554,0.005379222424209074,0.0044891128486257426
2016-12-05,0.0060090647157262644,0.007778450247989177,-0.001086432255821168,-0.005350441210868029,-0.00038112008022428423
2016-12-06,0.0031672418501833555,0.0024013679655749964,-0.0007536973341639719,-0.0009861987578327902,0.00038126538811966704
2016-12-07,0.013080854975519474,0.012662597358501282,0.008544402996109035,0.003589711251758221,0.0033273344746538314
2016-12-08,0.002448869906560569,0.0017742448606743455,-0.011794603365348322,-0.0023249765892274787,-0.0037910064659294473
2016-12-09,0.006040200868640433,0.00784357180383366,-0.012438865382186193,-0.010486673587394413,-0.005136196796627246
2016-12-12,-0.0011477312311629628,-0.0045186346160212,0.0018726127170953788,0.003804331187865717,0.00019076259021622022
2016-12-13,0.006673966885562654,0.01260901894705313,0.003567628176319726,-0.0033387723118656343,0.0005738315196130994
2016-12-14,-0.008254241106870674,-0.0020753352167723893,-0.01117318578848292,-0.014667226454941784,-0.008311517633891818
2016-12-15,0.004117015081404496,0.0015807194427541749,0.005050446179445167,-0.01369112807217554,-0.0027941887019936607
2016-12-16,-0.001955494942363578,-0.0037070228595000865,-0.0022997337724611766,0.006614558767378709,0.001256189069818614
2016-12-19,0.0021774941491734534,0.004097072191146189,0.010756484347135942,0.004997623978540311,0.004631390685165604
2016-12-20,0.0038573690232379665,0.0038304278806451375,-0.004983305776562474,-0.007367118973593101,-0.0021132116831958925
2016-12-21,-0.00278266111907588,-0.0007466495710963805,0.004413641894990938,0.0005566152526592649,0.0016361800202975285
2016-12-22,-0.001727425259904436,-0.002822701282261808,-0.0017875337549366765,-0.0024107755207141146,-0.000432906666430366
2016-12-23,0.0014640270674772804,0.0006660570001006949,0.002036757969089864,0.0031601819765598727,0.000963242033884093
2016-12-27,0.002481493076262886,0.005158015425405615,-0.003218389981769376,0.005837091185366683,-0.001443149743737826
2016-12-28,-0.00826461851796434,-0.007780137060657832,0.0073081692146523825,0.0027634769574851337,0.0036602529859546262
2016-12-29,-0.00022290613878439558,-0.0014178061447536194,0.0035435885152763635,0.01313614088883086,0.003071857400865019
2016-12-30,-0.0036547813892682246,-0.010274974997610653,0.0015134148742614872,-0.006165566230220687,0.0029662752409393978
2017-01-03,0.007649785925032848,0.008946606490491726,0.004281050537069397,0.00784600497730814,-0.00047753009976803096
2017-01-04,0.005949334914985727,0.0054376381398306695,0.003845468198429458,0.0035303646722089077,0.0011451001859676957
2017-01-05,-0.0007946158660234737,0.005657272451543127,0.01565298987402408,0.015515074970534615,0.006483368817140178
2017-01-06,0.0035778304438520703,0.008770109253490865,-0.009181778630943715,-0.00737255123072611,-0.004546598822295911
2017-01-09,-0.003300755239003972,0.003280714390514028,0.008025922283094733,0.008232645807116912,0.0038063198580891022
2017-01-10,0.0,0.002206823771106148,-0.0006571500743980385,0.0042602588509306205,-0.0004740426638397688
2017-01-11,0.002826004734140408,0.002691783613070875,0.0033680636666495456,0.0030932255360247574,0.0011382783526272533
2017-01-12,-0.0025099484768351665,-0.0015454197154358695,-0.0022100577723068726,0.003612367067042932,0.0005684920740920418
2017-01-13,0.0022954539520128048,0.003421774954414758,-0.004759061964621059,0.0026336178800692167,-0.0021779663179347653
2017-01-17,-0.0035234641133247147,-0.003004054836892034,0.010469579429653209,0.01435950794847174,0.005029038323598023
2017-01-18,0.002209735854679762,0.0020357126514110035,-0.012808409298532664,-0.008459177733679324,-0.007081592242700996
2017-01-19,-0.00370430573545788,-0.0004874727242289989,-0.006858876950246007,-0.0008706024299159898,-0.003802880197737779
2017-01-20,0.0036740469981115798,0.0021952922054200297,-0.001996508746591852,0.0024397178433508415,0.0004777582437098804
2017-01-23,-0.0026021447168808054,0.0008114441132134331,0.010004778559441707,0.006431967354547874,0.005246700705287877
2017-01-24,0.006411586128070468,0.006729017899198109,-0.006851181934146577,-0.004490925540628465,-0.0037962968356789473
2017-01-25,0.00865563659047508,0.01006587454467689,-0.012551444407010282,-0.008241493674922662,-0.004953590695406795
2017-01-26,-0.0010456372615167409,0.0010364330159702284,0.003367183283690567,-0.009272197003353688,0.00134024181649961
2017-01-27,-0.0015695554573421644,0.00191140383525501,0.003607055609406995,0.0020306880028346797,0.0012429886453835248
2017-01-30,-0.00620167042165809,-0.0077901707382705965,-0.0030089520950101756,0.004229477187141839,-0.0002866635594657163
2017-01-31,-8.797501041335476e-05,-0.0020028660580717617,0.006959527229905227,0.01386331327657886,0.0034383839705272035
2017-02-01,0.0003955710716774252,0.006903793453717277,-0.0061834101460465085,-0.0030290445198764004,-0.0019158915834521784
2017-02-02,0.0006587122795331801,-0.0008770815208019034,-0.00041983821099189633,0.005555550404536813,0.0003825417530327613
2017-02-03,0.006893092378855048,0.00287272659082749,-0.00042026751916435234,0.0025034610211955854,0.0007629621732059277
2017-02-06,-0.001787669118331614,0.0011936000057972684,0.006050381263777327,0.013519329475210284,0.004770999864226022
2017-02-07,4.3683555701834464e-05,0.003655630412715105,0.007350502702071271,-0.0020390643159919897,0.0018041475934589268
2017-02-08,0.0013102942513709692,0.0016628269797138717,0.013598521398238805,0.00621491028966048,0.0040759852090317406
2017-02-09,0.005932620236988706,0.003636333248803414,-0.011534565756510018,-0.00761487018603868,-0.005947587999486914
2017-02-10,0.003946415696617578,0.0033081037846629524,-0.0005795741808010124,0.0026430007347089113,-0.0006639785584308111
2017-02-13,0.005442634930136858,0.005652473337715236,-0.0031466118101688423,-0.006802682251218939,-0.0015210397454219482
2017-02-14,0.003995397246207677,0.0033567422942990532,-0.007226978562901776,0.0011129901542927811,-0.003616719265040924
2017-02-15,0.005220235551718799,0.005912977835538236,-0.004602126244820259,0.004447076385095894,-0.001910056036603991
2017-02-16,-0.0008516965918601294,-0.0003093137982193017,0.005464237396608951,0.0053640263872474225,0.004019242875638929
2017-02-17,0.0015766488273929458,0.004332488004090473,0.005935595241452374,-0.0033875467452245678,0.0026692556553953306
2017-02-21,0.005954996234587284,0.004930637134085147,-0.001745258358809676,0.000594830851824435,-0.0004757675370317127
2017-02-22,-0.0008878790056986441,0.00038329752814547646,0.0016654826280642077,0.0013588421410561935,0.00161697693715257
2017-02-23,0.0006773453175592525,-0.0037553625671455926,0.0029916659066653306,0.008735465586520608,0.002659026198605474
2017-02-24,0.001268881085783491,0.0019229122588722003,0.01110488007925814,0.00638973004234078,0.00464034324301088
2017-02-27,0.001562820053977232,0.0012286040701809942,-0.005901036262481174,-0.004845398633643638,-0.0035819233388241223
2017-02-28,-0.002699072618455478,-0.0030668994207376787,0.003709823488116326,0.0009234436519076628,-0.0004732002242151534
2017-03-01,0.013997384438687144,0.010921552507788812,-0.016755903673014494,-0.0014258642418293332,-0.006966488125689563
2017-03-02,-0.006297516581262652,-0.005021493598628801,-0.003599083485402277,-0.01243067157641009,-0.002863120007601694
2017-03-03,0.0006295679084225014,0.0018350492605614388,0.002603831308495952,-0.0005953367386810626,0.0009566864796244356
2017-03-06,-0.0029778563561662086,-0.002213256076353365,-0.004775816432153079,-0.006722839768239397,-0.00019095322514783852
2017-03-07,-0.0029867504700377134,-0.0016830464820764002,-0.003031125851444494,-0.008053482107396648,-0.0014348009385204419
2017-03-08,-0.0018567780606090212,0.0017625206537601468,-0.005404233684435544,-0.0062187012290060295,-0.0033522518098413334
2017-03-09,0.0012682376744981294,0.0007648947517135962,-0.007980812566768303,-0.005127727710842134,-0.0027868857732523677
2017-03-10,0.00350434655511922,0.004203519294542657,0.0035091050131468293,0.002183978311645074,0.0021202915449261006
2017-03-13,0.0005046590349286895,0.0016746541627803424,-0.006311067594495734,0.0001743082536056484,-0.002500706341474923
2017-03-14,-0.0038266172146609323,-0.002431692709469302,0.0048058876315792975,-0.005403478549159679,0.0010600477348798876
2017-03-15,0.008653328068715549,0.006169581742220043,0.012215077800781016,0.018664539100545774,0.008764386144354486
2017-03-16,-0.0019669583702106586,-0.000681490380250227,-0.005063644330731476,0.004129061134912737,-0.002768801554947964
2017-03-17,-0.0017559498582652155,-0.00034889294862960885,0.006276616963114323,0.0022273151662723922,0.0026811774730919335
2017-03-20,-0.0010968342751309645,0.0009111108071200302,0.004298698803524292,0.004444860945005402,0.002387102741935765
2017-03-21,-0.012839806545012489,-0.015173429976911179,0.008308998895553144,0.008765200923941618,0.0033339123969380324
2017-03-22,0.00235357963693561,0.006779079970751667,0.003995918182170044,0.0024464392887426634,0.0018988403128319398
2017-03-23,-0.0010672077415704306,-0.0025248823291456057,-0.001410124889418718,-0.001346492128619703,-0.0010426819018206634
2017-03-24,-0.0007266156164091875,0.002071194743785476,0.0035701350743664317,0.001601099219161961,0.0005692384967785902
2017-03-27,-0.0010260179145888948,0.001607599593338671,0.004549842667713744,0.005636868294673025,0.0024646017225737893
2017-03-28,0.007276863996613425,0.006114690259295674,-0.006669837868523265,-0.004099371444605038,-0.00340428172016205
2017-03-29,0.0009346495387403397,0.004633227481655844,0.0059686925028969995,0.002436163586164053,0.00284736340736913
2017-03-30,0.0031841217700190327,0.0016638700290294572,-0.008076459239313327,-0.007206910225050822,-0.002839278948388091
2017-03-31,-0.0023274066485015066,-0.0006795851969755295,0.0029080901496292277,0.0021102388572973307,0.0019932269849392004
2017-04-03,-0.0017394052141944671,-0.0006044047991947687,0.010086797991538443,0.005306580584065079,0.0049223455140756656
2017-04-04,0.0006375279158015168,0.00158743010026563,-0.005424782714915755,0.002262289701825848,-0.0014157826099103765
2017-04-05,-0.002972683978382462,-0.004075239851383916,0.0030575546701283596,0.0,0.0018906271985152934
2017-04-06,0.002811302188092446,0.0005304664981538032,-0.0014831786975803007,-0.003678334988324705,-0.0006609392471886855
2017-04-07,-0.0010195828566753606,-0.0005301852526393702,-0.004042356891557741,0.0023493772325884343,-0.003020949504630277
2017-04-10,0.0005953950203079206,0.0003792033028995334,0.004638729264497599,0.0,0.0017994544132338142
2017-04-11,-0.001189931171266867,-0.004317787752583735,0.00948311413391445,0.014481863135711759,0.004631892231000467
2017-04-12,-0.004381746857115898,-0.00403223317244239,0.005472976504717453,0.006848701913851674,0.003104145970413752
2017-04-13,-0.0064950292010304,-0.003971823851843581,0.00308703346846273,0.004753334264967268,0.0030014880266027166
2017-04-17,0.008859833714102594,0.0082824887741213,-0.003077533021026424,-0.0029363834815018253,-0.0015895623560346905
2017-04-18,-0.002984141278457142,-0.0015211080747101757,0.013079827005909817,0.004744779460001958,0.005713004517190701
2017-04-19,-0.0018384648036193774,0.0015997017186779594,-0.0054530074886547375,-0.008874746300268521,-0.0026080027303639897
2017-04-20,0.008139116078205166,0.008365457294961631,-0.0038705472804388963,0.0018893922713916211,-0.002241072376669928
2017-04-21,-0.003186977460596374,-0.00022607861501322546,0.0,0.002869780885113693,0.0004686834142277885
2017-04-24,0.010998139057152523,0.012070087975731836,-0.004937044448534156,-0.006785988212145488,-0.0020578469347727335
2017-04-25,0.005818438991550101,0.007229692935837306,-0.012039356902199483,-0.010125150830952667,-0.005155226002959923
2017-04-26,-0.0006289964703838358,-0.001405738504534182,0.005516356142498902,0.0049064144523129904,0.002637931369521951
2017-04-27,0.0008390414363321774,0.006002568517452067,-0.00032757070340594385,-0.003723907331012466,0.0006575234301045008
2017-04-28,-0.0021795306463326947,0.0017680219190003843,0.0022116834543308705,0.0031563855415273068,0.001032802740415395
2017-05-01,0.002520210489501462,0.008897724502074933,-0.008313284429288803,-0.009108209859209682,-0.0021605747773855155
2017-05-02,0.00037731095550364024,0.0016762921472852632,0.005120461326875159,-0.00016709821486060594,0.0020714432937123384
2017-05-03,-0.0012149096869233933,-0.0032008935340651634,0.0006575080657464927,-0.013957360197643709,-0.002067161286328889
2017-05-04,0.0011744124044528181,0.0003645370492022515,-0.0049270051613240495,-0.010086475737808298,-0.002259152412982357
2017-05-05,0.003936881306747075,0.0036481870979354625,0.0009077471962344319,0.0018837333588364036,0.00018840406283371358
2017-05-08,-0.0001667506076435954,0.0021811917200853514,-0.005441214588733256,-0.002222050521183294,-0.002453199315180399
2017-05-09,-0.0009180930526162534,0.0034823111638591087,-8.295885364928424e-05,-0.005995691205500586,-0.0011350649769916732
2017-05-10,0.0017959189341367754,0.0005783320149068683,-0.0011606931336464177,-8.618815999517082e-05,-0.0003789053112286389
2017-05-11,-0.0020427217503304895,-0.0007947029186599064,0.0,0.003964142371969848,0.0007580075555100318
2017-05-12,-0.0016712126309984532,0.0022422414058169693,0.007552775517883692,0.0028326337429587234,0.005111073689165524
2017-05-15,0.005523641805616153,0.003174573807816383,-0.0027179554872733824,0.0026534071191921527,-0.000659305514166264
2017-05-16,-0.0009155743315351073,0.004171046280824875,0.003716920936619017,0.0043537829852127174,0.0013197505079454164
2017-05-17,-0.017744311828067905,-0.025426400363877777,0.014567030221794397,0.018189539837597968,0.007998781138112365
2017-05-18,0.0040288629179392466,0.008745253021222199,0.0011348393411618751,-0.008181011348557088,-0.00027995450939510835
2017-05-19,0.006504272976290526,0.004225850047354651,0.002349967938446884,0.0049659454541624015,-0.0002799438652002495
2017-05-22,0.00507726287336685,0.008415781547848278,-0.002747958004762463,0.004187604636601616,-0.001120890613278136
2017-05-23,0.0022127303136816323,0.0010071588138598209,-0.006727967344477559,-0.006338633249028169,-0.0026182571452365577
2017-05-24,0.002332872908231476,0.004599855388459417,0.005630950998724682,0.003944948993712671,0.002062270410603473
2017-05-25,0.004779550017832257,0.008513193638871819,0.0003241863763994157,-0.0010868426783263718,0.0005617016204593206
2017-05-26,-0.00020695479299692732,0.0017736442633269345,0.0017041788359037913,0.00887175702052101,0.0006541184585702187
2017-05-30,-0.0008688193298471703,0.0008495109508419585,0.0049397304245586415,-0.003318413164433487,0.002523784955664743
2017-05-31,-0.0002481884040723692,-0.00035366245605483737,0.0024980073751843523,0.003995366733579031,0.00046583548674483666
2017-06-01,0.007952204729715806,0.0038925822805950805,0.00010522785962119308,0.0008290372396291268,-0.0005225660212683225
2017-06-02,0.003328313997261745,0.011421360308853545,0.0118397756829407,0.0073724269437449585,0.004388489643480931
2017-06-05,-0.0007370752165846151,-0.00020928795035368708,-0.0062087817283947855,0.0009867835373715828,-0.001672996897291723
2017-06-06,-0.0031969284435733325,-0.00397402204161601,0.005447015948585765,0.011254375087548674,0.0031656176513634726
2017-06-07,0.001850397748980992,0.003919784380050029,-0.004780246291551271,-0.005280272412152454,-0.001856350611052826
2017-06-08,0.0004923393077955751,0.001046166081383193,-0.0026416242641764676,-0.006533241668445489,-0.0015809255581223924
2017-06-09,-0.0015177888759373426,-0.025005216885662818,-0.0015250507404614977,-0.00912454251071615,-0.0009309749344376117
2017-06-12,-0.00020533394521782267,-0.005357868938122401,-0.00032173904274468423,-0.0014932827593217013,-0.00018691877447318817
2017-06-13,0.0048900009592940386,0.008115764578949358,0.00016108141672876997,0.0009970317877492363,0.0003732860356402412
2017-06-14,-0.0012676997212853758,-0.00434584886158651,0.015437071095745658,-0.00547811789275976,0.0052195287524874345
2017-06-15,-0.0019244920194081416,-0.004436471085826343,-0.0015840996909921579,-0.004172926066378535,-0.001761676802752632
2017-06-16,0.00021852530101451606,-0.004339008405290445,0.001982891266119502,0.00016758836001962152,0.0005574869507021241
2017-06-19,0.008324923422237784,0.01672145940149483,-0.001424928871755493,-0.007625239321596311,-0.0027852629688447372
2017-06-20,-0.006743863050094778,-0.007831440185060878,0.008956174355635893,-0.0021109516115493943,0.002513853314447756
2017-06-21,-0.0002469701613693198,0.009902718407407418,0.0020423325090641598,0.0028769363429739236,-9.309487136555106e-05
2017-06-22,-0.00045262485469710345,-0.0002848591005467638,0.0021951323073772233,0.0033749707830614817,0.0009288249528800474
2017-06-23,0.001193896538243644,0.0038380085240508066,-0.0004693106942714742,0.004288615406013774,0.0002787864204512047
2017-06-26,0.0006583104528103956,-0.004672709775172201,0.0037565600718461045,-0.008959220397639522,0.0008343599457771855
2017-06-27,-0.008056212560798803,-0.018138909312131135,-0.010681793165099318,0.0038019343183648413,-0.0049124255344831225
2017-06-28,0.00895026663735865,0.01441741351228698,-0.003309771098358838,0.0007575454013519778,-0.0009309749344376117
2017-06-29,-0.008788757064078556,-0.01735524837872149,-0.008381417021176785,-0.00487806411784153,-0.00372994373088098
2017-06-30,0.0018645056835775442,0.0003637261081235188,-0.0023123932353030785,-0.00253552275635216,-0.0023393524807033828
2017-07-03,0.001695734917698255,-0.010534696990614045,-0.0032194857066738525,-0.016353163532217163,-0.0036729453446230353
2017-07-05,0.002311965593661869,0.009838958348461047,0.0002410099265912624,0.003704025486608087,0.0007543797854538958
2017-07-06,-0.009144536998774822,-0.009016150739608708,-0.008273771109625239,-0.00042907160833882685,-0.0018844830348613284
2017-07-07,0.006484989313749745,0.01078595023813067,-0.005993976407811852,-0.010217244173899132,-0.001605041236405813
2017-07-10,0.00107406138484345,0.006533114145156782,0.0014668058365869818,0.0016481821948142183,0.0013243465420185174
2017-07-11,-0.0007426491027648918,0.002812181700648564,0.0017088883130973453,0.0012990519121256483,0.0013215179362133789
2017-07-12,0.007514782084836247,0.011866225373077688,0.006904275609953103,0.0035460648934033667,0.002923598414801498
2017-07-13,0.0016804487313109018,0.0022035994271285553,-0.006292335340178812,-0.0018098688846157618,-0.001034491326091902
2017-07-14,0.004663922510767193,0.007871599913959804,0.0012182170023344874,0.008202356680584888,0.0014118542976384596
2017-07-17,-0.00012220275738161757,0.0004928944280038206,0.002756202704803812,0.004453235312239068,0.001221893850596123
2017-07-18,0.0005295861078122854,0.006680733645657133,0.00873282770981021,0.006991215691223296,0.0036604941020117465
2017-07-19,0.005414064646521055,0.005868515403552488,0.0004013336159154335,-0.0002539901713813908,0.0
2017-07-20,0.0004450786740333168,0.0013197381567551236,0.002884637278337987,0.001354979930841882,0.00028085042825476414
2017-07-21,-0.0008901886932217717,-0.0004163932998063613,0.0042341332728317305,0.008626558617128355,0.0017764423673016783
2017-07-24,-0.0002431700303880957,0.004580324998441743,-0.0038984215961616053,0.00041921366315400554,-0.0006538832056353083
2017-07-25,0.002430936925775784,-0.002556314667410242,-0.0130189576453551,-0.0032687905257637873,-0.00560354823027065
2017-07-26,4.040432206742217e-05,0.003255226722584492,0.0016181709867610916,0.008072646310579579,0.003194192759895298
2017-07-27,-0.0009294752558421937,-0.006281188922333869,-0.004928471576556959,-0.0007507202198243634,-0.001592055687507421
2017-07-28,-0.0011731240463517256,-0.0008337762113618252,0.005927420122540106,0.00751316068954333,0.0016879221309535897
2017-07-31,-0.0005669001319131839,-0.0042409990168849054,0.001210433547414791,0.0004971211979458712,0.0002805793442879345
2017-08-01,0.0022285899844469714,0.002303780598092553,0.007021286702153073,-0.0008281447132181263,0.0024842944550369506
2017-08-02,0.00048526140353621905,0.0027169862884584006,0.0005614932554789398,-0.002072109381170417,-0.0009354360959418218
2017-08-03,-0.0019398196420110647,-0.0038905522724514974,0.010344312492363228,0.0015780299800982611,0.003463048498845156
2017-08-04,0.0018222223900952184,0.0018133587139590457,-0.008492162215901433,-0.007794965092940864,-0.0027046149561825716
2017-08-07,0.0018589581980539283,0.006334535018246212,0.001120935132098877,-0.0011700742821817434,0.000560603342690591
2017-08-08,-0.002460757535004854,-0.0017290417091705423,-0.003598750746222179,0.0029286123995055924,-0.0008407887020281946
2017-08-09,-4.0501645263701924e-05,-0.0013169443929146318,0.0054569630794796264,0.012097421498902916,0.0012161653572928532
2017-08-10,-0.014115359479473732,-0.02144019014522336,0.008539764313614029,0.007419021877765664,0.003737351765354724
2017-08-11,0.0014768287560955606,0.0075873584270553796,0.00047448937082616993,0.004745944156777204,0.001117313500216266
2017-08-14,0.009913123636440035,0.01287799048539262,-0.005141000324488387,-0.007085289845225606,-0.002417894057428982
2017-08-15,-0.00012157425452785642,0.0006945087924632443,-0.00421358477323952,-0.007709931316675078,-0.0029827421500884244
2017-08-16,0.0017446563117740066,0.0017360783351267894,0.003672497390837748,0.007356582616572016,0.0018699018556613822
2017-08-17,-0.015591171118223945,-0.020446496790921365,0.007477349139309419,0.00508734802014188,0.0035461382322621304
2017-08-18,-0.0015628575952627566,-0.0007075145419547235,-0.0002364071375542398,-0.0015511047050799087,0.00018567280181147616
2017-08-21,0.0007826519712090807,-0.0012743820106768666,0.002447783949828475,0.0037612352656932746,0.0006505282487017094
2017-08-22,0.010456858250140533,0.01524313348123707,-0.0038602450992414328,-0.00448031151993189,-0.0019507568793850627
2017-08-23,-0.0035853394545385386,-0.0035614511958552697,0.006801719887540525,0.003764005301683193,0.003444085513752526
2017-08-24,-0.002330482966201086,-0.0029441900397765286,-0.0036924060856983187,-0.003097719565419932,-0.001576936422195252
2017-08-25,0.0023359268038276593,-0.002108292659507849,0.0038636800319180598,0.003679752595251218,0.0016722826817332503
2017-08-28,4.109272685370868e-05,0.003099463160257665,-0.0006283993034501556,0.015887278895027057,0.0009276220619285347
2017-08-29,0.0011447920095417619,0.003932169116686035,0.003222045548560093,-0.0021654043401579948,0.0023161583399511354
2017-08-30,0.004737389233175016,0.01175041637874119,-0.00031307680090031376,-0.00048221796718150856,-0.0008316059032172918
2017-08-31,0.006016187969083431,0.010715669592560095,0.0029779968059429063,0.011740101940391323,0.0015731724089114163
2017-09-01,0.0014141778045198006,-0.001368004352107044,-0.00764942115388112,0.0019074699121892635,-0.0029423578970295683
2017-09-05,-0.007182124231994491,-0.00897244268588393,0.01585826786281741,0.011105834943620163,0.006959957357828062
2017-09-06,0.0034138661848572838,0.0030409729860698675,-0.006135632596015017,-0.005099651110527015,-0.002395973325517331
2017-09-07,-0.00012153952729176964,0.00234265271796108,0.01023658579560549,0.010409331674411826,0.004341302031672267
2017-09-08,-0.0011747635020271652,-0.008661776165907353,-0.002165505342743068,-0.0012487602904230899,-0.0007356043945890844
2017-09-11,0.010666176546688444,0.011511222218306472,-0.011938351331451713,-0.01390950036975469,-0.005707202523430377
2017-09-12,0.0033705024361547764,0.0023993401148940663,-0.0052564116197925115,0.0029320477853171933,-0.002406579768587269
2017-09-13,0.0004798225705242576,0.001367485113628275,-0.003943573739140338,-0.007506297144185381,-0.0020412626859978023
2017-09-14,-0.00031975175163456715,-0.005873681362071559,0.004117908676171789,0.004378656548724491,0.00018532402888626898
2017-09-15,0.0013462019041061701,0.0034353275542291506,0.0003938503175300312,-0.004993697404288455,0.0012090086208604855
2017-09-18,0.002126822790162075,-0.0013105849096015643,-0.005754049648653448,-0.009320466663927607,-0.003900024965862281
2017-09-19,0.001001052107588496,0.0017178576865533035,-0.0024578922981308704,0.0020907215740946228,-0.0011191604635628627
2017-09-20,0.0003603238276408405,-0.0030864423169585375,0.0007153423998940145,-0.008024393981386213,-0.001959575399386404
2017-09-21,-0.0026794990900600446,-0.006123218140076769,-0.0005559447823855201,-0.007603967161635139,-0.001309509831071698
2017-09-22,0.00020048937666139466,-0.0009692677288514195,0.0028609933368235474,0.004564701313993336,0.0017789454424195217
2017-09-25,-0.0020445817250298592,-0.010531961643319931,0.006259702754864982,0.010467388330802407,0.0029916792785176227
2017-09-26,0.0006025795894015751,0.00259123641401926,-0.0018109513002597666,-0.01116196421162674,-0.0008388807587389469
2017-09-27,0.003894334698193891,0.009010016104865182,-0.015068218472386707,-0.009420139990778287,-0.00512969772992955
2017-09-28,0.0011998311789693794,-0.00034611913362447844,-0.0029630844733850026,0.001885519931214219,-0.00018754633687179112
2017-09-29,0.003514871976323386,0.007201681182571695,0.002249165723089641,-0.005155038524977895,-0.001218879995279809
2017-10-02,0.004338937198444803,0.0008939400281828824,-0.001831425142816867,-0.006662322551317712,-0.0011375387153286232
2017-10-03,0.0021400717308899253,0.002129739496849803,0.0009655385445561659,0.0004968550936175209,0.0014120083143980278
2017-10-04,0.0011862897375549686,0.000959323828359615,8.064189039824754e-05,0.002813840376879373,-0.0002822169354353976
2017-10-05,0.005925181568549265,0.00979240248295965,-0.003778196492725705,-0.0053643767904709705,-0.0010342571778115817
2017-10-06,-0.0011388430551170226,0.0013563099956892533,-0.002823621000162313,0.004729503075844965,-0.0012234236875559024
2017-10-09,-0.001651208546544769,-0.001151148852022943,0.0031553392822603055,0.0081757826666502,0.001130848397564943
2017-10-10,0.002638455284048158,0.0007454682527212597,0.0016136027805480069,0.002621229439913275,0.0003763158473684136
2017-10-11,0.0015709011252587057,0.0029808553653263292,0.0019323928856964656,0.0031862694835504968,0.0011290570730737581
2017-10-12,-0.0014900806420820034,-0.0018232563863065376,0.004259444812759083,0.000814386133850542,0.0009398642515143774
2017-10-13,0.001217199807701963,0.0038571111470315778,0.0072029080941327095,0.0075677460313676725,0.003380618574654548
2017-10-16,0.0013335963798497552,0.003437942460353005,-0.0007147474364221917,-0.006864791440930884,-0.0016848799052634478
2017-10-17,0.0007054243240844915,0.0012763755621167938,0.0012723124783744488,-0.006830966568647456,-0.00037529606344499644
2017-10-18,0.0009784521836595506,-0.0012075652271060777,-0.006591778343611798,-0.003766470931119148,-0.002530982866639997
2017-10-19,0.00027394261915714146,-0.0036944486062848725,0.0017588101533279055,0.005917656213846323,0.0010336257981042873
2017-10-20,0.005160076294034699,0.002696637044022454,-0.010613758930095307,-0.006373059753138954,-0.004132011438036098
2017-10-23,-0.0038891860234790965,-0.006522659402301456,0.0017747958128675467,0.0015623915833617996,0.0009427871429354973
2017-10-24,0.0017570591964493065,0.0016921744474442946,-0.006199865979354402,-0.003858794818776823,-0.003014701293606814
2017-10-25,-0.004950318651165131,-0.003783827376367066,-0.004779982645734315,0.0001648120231156902,-0.0016065621706742306
2017-10-26,0.0012925804837498056,-0.003188370870212953,-0.0033376952829855533,-0.00840541125580585,-0.001324864067531517
2017-10-27,0.008176414665942877,0.029124056259474118,0.006616290019288096,0.004736970715121469,0.0032221157660357047
2017-10-30,-0.0037251891340303045,0.0022476927752412834,0.009574540874069504,0.0019023633137824625,0.0035902741038080777
2017-10-31,0.0015580738572846808,0.0037603762208784364,0.0003215633629813919,-0.003797565383496959,-0.0006590823354086783
2017-11-01,0.001322254860316674,-0.0003285194007424108,0.004452205039432888,0.003646328400454868,0.0006036287608246482
2017-11-02,0.0003880928805701789,-0.0019063572352490121,0.004409487003903978,0.0006605716344769696,0.001320287186737934
2017-11-03,0.0033389827235807967,0.009617332240568377,0.0027129169999164926,-0.004703355749991034,0.001600920393554972
2017-11-06,0.001547486112638552,0.0033924768906214986,0.003740911123834678,0.008539203746006141,0.0012217539892864782
2017-11-07,-0.0006952488173462834,0.000585238895189022,0.004202782046076381,-0.003616953850285376,0.0003755269953165108
2017-11-08,0.0017008750955651575,0.004028996093692561,-0.002210701635183221,0.0034650455582678763,-0.0012197163773660646
2017-11-09,-0.0036276037727457355,-0.005242631919552321,-0.0028496975208193165,0.004110828013571766,-0.0003759332405072202
2017-11-10,-0.00030987359151835037,-6.525566613058142e-05,-0.01507932492506825,-0.008187996581421442,-0.0050762967823858585
2017-11-13,0.0009293660747589083,0.0012365757392394094,0.0020952527796636033,0.0014860093226882753,-0.0004732506265147096
2017-11-14,-0.002322207001019594,-0.003639756281801798,0.006754886828687745,0.0020608359165059653,0.0014182804642248747
2017-11-15,-0.005005106898311684,-0.004696465762824675,0.010862542266785624,-0.0012339083538733808,0.003587014467128613
2017-11-16,0.00850102084914317,0.012779547643491318,-0.00869136758227873,-8.23831309511025e-05,-0.002539537691271798
2017-11-17,-0.0029389477618965154,-0.0038177268473499337,0.007412683796460762,0.012026351450757033,0.0013200904924883794
2017-11-20,0.0017064220557343468,-0.0007795426032988217,-0.00039555450989048335,-0.012616010451388715,-0.0016004215588333315
2017-11-21,0.006542786367675246,0.01085628449182896,0.0031658442573703205,0.0016487064682373376,0.00018814108674258812
2017-11-22,-0.000884515581714318,0.0012217908749752038,0.003235227762677706,0.009217308019892956,0.0032069748986269797
2017-11-24,0.0023097590573211146,0.003661003502708926,-0.0027527186419022964,-0.002527909692056296,-0.000846656417730296
2017-11-27,-0.0004993763849051591,-0.00044762331758851914,-0.0014195161243448773,0.004169409233999888,0.0006586438177980103
2017-11-28,0.010144747487704109,0.002561001901002058,0.0013425512566973552,-0.0001628614521104188,0.0001886058103914845
2017-11-29,-0.0006082668326020668,-0.017433920830925542,-0.009859063755740083,-0.0062698205225436565,-0.0031967230879261788
2017-11-30,0.008754773934335214,0.008383905688959636,-0.0033452654052089636,-0.007702412605330111,-0.0031121646376617296
2017-12-01,-0.0020753951643589508,-0.00425385432032277,0.013494328696521452,0.004046225185331043,0.003694931337580032
2017-12-04,-0.0012102125649797735,-0.01152169815630455,0.0004744356422534679,-0.00337195530112111,-0.0004718214060687176
2017-12-05,-0.003596382480269389,0.0006548406866309087,0.004975717090238474,-0.007096885692240984,0.0007560012106710978
2017-12-06,0.00019004352901785815,0.004515147918600526,0.003457983113401175,-0.002077792558461522,0.0020759415143074555
2017-12-07,0.0031531518345562226,0.0033879210058151976,-0.007832144739266966,-0.01315900587216201,-0.0017893746153488932
2017-12-08,0.00545277157298063,0.004414665219647951,7.901733483528517e-05,-8.434894941455884e-05,-0.0007547714595633748
2017-12-11,0.0030130721687511297,0.007757111633924119,-0.0020524256443924527,-0.003966924437765251,-0.0006612801667880142
2017-12-12,0.0017649937663937187,-0.001347110099731097,-0.0003954790791567131,0.0011863349471583629,-0.0008505889635569419
2017-12-13,-0.00011245230377876503,0.0019268166509738283,0.007516919741147765,0.008633065001213636,0.0040667305277855
2017-12-14,-0.004086029581499062,-0.0007049509526414477,0.004241448084927102,-0.002013911785324396,-0.0003770658325491505
2017-12-15,0.008326886048391824,0.011354826383992878,0.003753457997466292,0.0021020768465358497,-0.00018780410955920868
2017-12-18,0.006341347199906311,0.008383960196754359,-0.009115622160154269,0.004614893860962033,-0.0022619844728922756
2017-12-19,-0.0038404462646115523,-0.005925255730786505,-0.012973690707021812,0.0007516606979649509,-0.004532977913270897
2017-12-20,-0.0005238249026567887,-0.0010779619528893392,-0.011073141340291692,0.002670670135530351,-0.0029416474210104404
2017-12-21,0.002059856958438022,0.00012685961878267094,0.005828545783173711,0.0014150005810633637,0.0007052200738164593
2017-12-22,-0.0002619017479044139,-0.0011424100924893876,0.001364096188232411,0.005236513137702126,0.00038097746420073797
2017-12-26,-0.0011959318126720797,-0.005401316748895213,0.0029655925208245115,0.006862859144246114,0.00038119105930767283
2017-12-27,0.00048628842074682765,0.0001280900963496201,0.0130250792916482,0.0037776687734956127,0.004282485185959084
2017-12-28,0.002057687737526459,0.0012131996617372742,-0.0008672824823799941,0.005072364396301321,-0.0012319800712519147
2017-12-29,-0.0037706978096856414,-0.0061885201988864935,0.0015785770278888833,0.006512031434223742,0.001612673760548633
2018-01-02,0.007157157242122958,0.017526872630760915,-0.010799501084320151,0.012131014811884722,-0.0033151745362618446
2018-01-03,0.0063253661509865555,0.009716750361393744,0.004781920513795557,-0.002636850395774437,0.0010444901043336063
2018-01-04,0.004214713307501228,0.0017496989840990462,-0.00015859465525114302,0.00512737855482448,-0.0004735899810680566
2018-01-05,0.0066639560672479,0.01004284472571948,-0.0028556235937863272,-0.0010361649479244672,-0.0012349055542836274
2018-01-08,0.0018288221685518469,0.0038907217781583014,-0.0006364523766743124,-0.00015961279955856167,-0.00047583344754409396
2018-01-09,0.0022633758598897824,6.176836585192191e-05,-0.013372605964874551,-0.0046284750854691525,-0.004757463037689202
2018-01-10,-0.001529478882383084,-0.0023378328593754993,-0.0012102335985165746,0.002405158456580736,-0.0002869833725237525
2018-01-11,0.0072956515813886735,0.006844304907299481,0.004120002054373684,0.003279242310744168,0.0006696099238461262
2018-01-12,0.006519204708770321,0.007349003443155144,0.001688693457698065,0.012117319941670202,-0.000669161846433064
2018-01-16,-0.0034188623624519243,-0.002857213960667626,0.004175846863288424,0.0016540570729914883,0.00047883324659214743
2018-01-17,0.009532138766440434,0.010791091218443016,-0.001359061465220357,-0.008099385028916384,-0.0021990938933684756
2018-01-18,-0.001680778676868444,0.00018110046088759546,-0.009289697010081865,-0.002219746160232239,-0.0031609123841139786
2018-01-19,0.004549837606564466,0.0031358821013296456,-0.005254360926831625,0.004449368789751107,-0.0025944428614307347
2018-01-22,0.008130369256859504,0.010700947057115995,0.0009752369859363785,0.0018193589642852004,-0.0003858725979726252
2018-01-23,0.002122708175979815,0.008267889275393125,0.004302681945336451,0.004974316982453653,0.0028914394273444888
2018-01-24,-0.00038841161790503786,-0.006489204007898541,-0.005416006725353584,0.012177899643490031,-0.001921736817739994
2018-01-25,0.00042394234384124374,-0.00035608752729032744,0.008208841017872448,-0.006675468432262743,0.0022146742987583234
2018-01-26,0.011578070126882833,0.01532506787075616,-0.0037082961043036766,0.0007814808358339587,-0.002978741927464612
2018-01-29,-0.006630369429140193,-0.004855817089919112,-0.006958709807931118,-0.005621994291566623,-0.002505207382156316
2018-01-30,-0.010256760542423748,-0.008230485816484112,-0.005866277025948219,-0.004318770545372663,-0.002318586950468493
2018-01-31,0.000496638399319238,0.004149155609766808,0.005900893300750942,0.006703457836465088,0.00029031449551308874
2018-02-01,-0.001135378196708614,-0.008500439154631168,-0.014492482490911951,0.003290292152912322,-0.005158402520981986
2018-02-02,-0.02176953625041389,-0.019945105215004588,-0.009279397780193821,-0.013117887393550687,-0.0037036521058180227
2018-02-05,-0.04182261312956881,-0.03942669454503733,0.00944991589611699,0.002531843471552664,0.008217624503308318
2018-02-06,0.0197023638545466,0.02649943044637193,-0.006213414150899266,-0.010496423649786535,-0.004365983849628163
2018-02-07,-0.005425077954540725,-0.012938797755933984,-0.009502912639744787,-0.004705665583148222,-0.0029245803407751403
2018-02-08,-0.037508952246397054,-0.04219407669788389,-0.0010941381570895858,0.0015225774502147793,0.0008808115709393327
2018-02-09,0.015021590573312205,0.01726936337700602,-0.006318995811370742,-0.0016803225174144565,-0.0017585116869535122
2018-02-12,0.014684276168683397,0.017744945026547443,0.004409042147922371,0.004808897328354433,-0.00029355558554589045
2018-02-13,0.002487533275953524,0.005161430641449805,0.004474413284488499,0.0056632293923437604,0.0016633873139755284
2018-02-14,0.013496268231428576,0.018723813183925353,-0.011093455167572874,0.017052616317100977,-0.006056651236952537
2018-02-15,0.012760193939384434,0.01856384184921578,0.00339920490775647,0.001169844500285011,0.00029466322202775785
2018-02-16,0.00029285845293891555,-0.004465485421666582,0.005420352890607383,-0.003271582663696204,0.0023582745990022858
2018-02-20,-0.006261150834727558,0.0020000756183338186,-0.004380278518538061,-0.013441710167313103,-0.001078186894516664
2018-02-21,-0.004974147631992887,-0.0028430926615760077,-0.012268351327047844,-0.004594377467322608,-0.0029443127606727515
2018-02-22,0.0012962412616628338,-0.0001219330226893689,0.002997841932931511,0.005093103382117992,0.001378255203512646
2018-02-23,0.015939301288995678,0.020449008813986813,0.008882099189963855,-0.0012668539845070992,0.003833209894583911
2018-02-26,0.01161174484048244,0.01326064823191353,0.00033877102129298287,0.0024575674654647717,0.0011755332553817777
2018-02-27,-0.012486035330472878,-0.012382773885110554,-0.0014386470718328326,-0.01043890649807222,-0.003130124331279127
2018-02-28,-0.01013032605131825,-0.006417306799667566,0.006355945740578628,-0.0010388975966705294,0.0023544802333352877
2018-03-01,-0.014540793893300208,-0.01632697909056391,0.006826459763070947,-0.0022399902343750444,0.004303048287064293
2018-03-02,0.00515510988991319,0.009180836353830824,-0.008129199731636505,0.005372018620811936,-0.0037089858799912445
2018-03-05,0.011558191430194098,0.011084592081069378,-0.002703813147735268,-0.0016747674096407872,-0.001273555838731455
2018-03-06,0.0025348430494420704,0.00423039368953626,0.0009315054157463809,0.010784458146907872,-9.772234181415484e-05
2018-03-07,-0.0003662583124864893,0.0023140750651526876,-0.0011002891836576767,-0.006401624645603676,0.0
2018-03-08,0.00483898722876841,0.005505468356913346,0.005762220663422912,-0.0023862794212923255,0.002060107232427111
2018-03-09,0.01740240891004552,0.019427495220429414,-0.006571883542281554,0.0009568071147663115,-0.002153770578482761
2018-03-12,-0.0012551814739738543,0.005313181953516377,0.0057667769599434315,0.0,0.002355099866736321
2018-03-13,-0.0064632154811380405,-0.01361441044833045,0.005060156099487179,0.0019117242474055995,0.0016632154585938252
2018-03-14,-0.005131267884460167,-0.00017495053705307573,0.00880937791106362,-0.0006360457292980959,0.001954797341512382
2018-03-15,-0.0010898126786752504,-0.0008734037663753469,0.0,-0.006364323323672649,-0.00039056300871065375
2018-03-16,0.00108466563228804,-0.0029732398082094047,-0.0035763483942801155,-0.0024019459414951205,-0.0011708642867429564
2018-03-19,-0.013530433776546058,-0.021336407696953552,-0.003171499892540619,0.0021669685053569143,-0.0009764207146104598
2018-03-20,0.0017002988050109913,0.003291699457680819,-0.004019044703045704,-0.004484705499084418,-0.00195585176913049
2018-03-21,-0.0019189647326179893,-0.004354474222023175,0.001092385570619303,0.01745640608927701,0.000686128783033535
2018-03-22,-0.02499700788538517,-0.024682025601051594,0.009909288226179758,-0.003953194075975608,0.004112111526156426
2018-03-23,-0.021314733142781983,-0.026352110970821685,-0.0007483855471067669,0.012938539529958382,0.0013648768278538004
2018-03-26,0.027358910515372425,0.03715878390209659,-0.0038279193587590354,0.005250357853935794,-0.0027264900684653703
2018-03-27,-0.01701130578297727,-0.03235996523189,0.010692961295024617,-0.0061584106879087885,0.005663058687897404
2018-03-28,-0.002954873433442917,-0.011503246660639732,0.0026444127099483072,-0.01380496145836152,-0.00019388905808481738
2018-03-29,0.012777655436984059,0.018314457603997303,0.004863806333847309,0.0004771936450476133,0.0020384636705257364
2018-04-02,-0.021584573753306024,-0.02885159533249093,0.001973494504990514,0.011686153191860393,0.0010197060677015202
2018-04-03,0.012816923110728906,0.011253401483719339,-0.007712815897863989,-0.007543604183229413,-0.0032007078224506325
2018-04-04,0.010699185225825802,0.0157700342236069,-0.002067319302062054,0.0011876001018218396,-0.0005833264030837837
2018-04-05,0.007891737347704542,0.005696633109027127,-0.007456878320451166,-0.005140323544257752,-0.0025307437879441563
2018-04-06,-0.022285782230172302,-0.02502326391034604,0.010935559817078389,0.004689954877408642,0.004391763768991641
2018-04-09,0.004928335170893083,0.007022542895850581,0.0016517511436764387,0.0034021703240154633,0.00019361958796371148
2018-04-10,0.015900388682817068,0.022063234753009642,-0.001813986369498255,0.0023655815524343815,-0.0017480664552985692
2018-04-11,-0.005242373457665872,-0.005768751686769491,0.003551372650589135,0.007787899955785216,0.000973071602490494
2018-04-12,0.00822730715100195,0.012041435330980121,-0.007324621021161604,-0.011630613197024187,-0.003597356999204493
2018-04-13,-0.002933174255649762,-0.0051786956507506865,0.0023213956280638826,0.006555000660688037,0.0008783278992663401
2018-04-16,0.00822194230607498,0.007622522271451215,0.00033117098948576285,0.0014123209845888773,-0.00048729821965731723
2018-04-17,0.010698128272242036,0.021525020627295444,0.002728635718423744,0.0009402393572395251,0.0005852623587991879
2018-04-18,0.0007403269501169429,0.002047066646104323,-0.007999033802207789,0.0007827669207129961,-0.0038993754822940208
2018-04-19,-0.0055474459675836085,-0.009192401226736258,-0.008145645688243497,-0.001955416527053,-0.002739670239792047
2018-04-20,-0.008479535032256624,-0.015827035874731776,-0.0072079170959185035,-0.007601890535287481,-0.0033363875113612274
2018-04-23,-0.000149780201947447,-0.0025257524738782067,0.00025345304043633554,-0.007975949843974872,-0.0009843799472197823
2018-04-24,-0.013467394000472699,-0.02118757018145956,-0.004557460008759562,0.004855919415812648,-0.0011828448059579832
2018-04-25,0.002471533023593153,0.0011986912180561582,-0.0066977201461618785,-0.006496075996334616,-0.0021704849377002233
2018-04-26,0.01016595571003509,0.021052944377744298,0.006998731241196321,-0.0035085115107064135,0.00286727933414177
2018-04-27,0.0009385327517759112,0.0006174244203873691,0.007713211550625543,0.004241008034887361,0.0016762077207401749
2018-04-30,-0.007690484231033912,-0.007094907654425886,0.0017664423202081725,-0.007251025196090666,0.0010829094160158537
2018-05-01,0.0017771207415959722,0.011432788142652583,-0.0036014062735388874,-0.007063145351023148,-0.0015662482262888133
2018-05-02,-0.0067175798898051475,-0.005897164171772107,-0.0010982877114456002,-0.0004849855228984401,0.00019744971401647327
2018-05-03,-0.0022040051889664625,-0.00012399241249960724,0.004481475610511598,0.005095004008440096,0.002564862901059284
2018-05-04,0.012946618558608458,0.01897418609322754,0.001514867865490821,0.002092067418605348,9.813065701136381e-05
2018-05-07,0.003383497789348988,0.008309470995365276,-0.0015967993364223165,0.0002408766587147504,-0.0004920778775372447
2018-05-08,0.0,-0.0010221873997328101,-0.0009259671795167623,0.00016052535213439967,-0.0016734832653515497
2018-05-09,0.009665430893124771,0.010898922257519539,-0.005982393104799422,-0.0020868008225221057,-0.0022672143354215413
2018-05-10,0.009350482624873369,0.010364306256250178,0.00805284465917011,0.0068366320405601755,0.002075159129433457
2018-05-11,0.0030515032242068862,-0.0009432895534665642,0.0025221505258115062,-0.0014379318160805399,9.835324740548046e-05
2018-05-14,0.00047665473100488853,0.0017109942680741952,-0.005284015313043899,-0.004080017089843735,-0.002169001680789484
2018-05-15,-0.006886966874992018,-0.011074978094595678,-0.011382452113836483,-0.01614583132241265,-0.005534651413022007
2018-05-16,0.004204916678493431,0.006612244835363823,-0.003838553861739369,-0.0015512935679184991,-0.0020867083326554514
2018-05-17,-0.0008449713178294571,-0.0038462952104416637,-0.005051075128859273,0.0005724073456552237,-0.0005974623919178246
2018-05-18,-0.0024997339486838577,-0.005168300250629421,0.008604842369308141,0.0004086552101045804,0.0038858737930462794
2018-05-21,0.00751837859992599,0.005613114504595673,0.0005122643778938674,0.0005718461950008358,0.0006951433382591521
2018-05-22,-0.0027799584485407314,-0.0013067061850695616,-0.0015345958182761965,-0.0005715193738216051,-0.00039697534113158905
2018-05-23,0.0027511031786875417,0.00844356868044982,0.0072589852128797094,0.001061982268841355,0.004564244477224255
2018-05-24,-0.0020483816768973595,-0.0002947653115020765,0.007970106120960718,0.00856859323093273,0.0025688967309798194
2018-05-25,-0.002382755757070032,0.0010028012384741825,0.006224753246296233,-0.003074660285441455,0.003940391417744493
2018-05-29,-0.011501084159097452,-0.004419205864515829,0.02190266800388141,-0.000162297242228715,0.010795244110178404
2018-05-30,0.013344745649129797,0.007161116552166336,-0.006708010818016641,0.001461160009810003,-0.0042722167305039305
2018-05-31,-0.006126337227764012,-0.000646330208742163,-0.0016472196557314467,-0.00218857312515075,-0.00048729885011333796
2018-06-01,0.009818082360951497,0.015699349495794657,-0.005283797110024913,-0.004955325896935703,-0.0036950369302910513
2018-06-04,0.004751387383295835,0.00903067697243043,-0.007231926538137978,-0.000979631964080463,-0.003531671778586154
2018-06-05,0.0007277055960857037,0.0030982144695164138,0.002344836924959681,0.003922495029546447,0.0025603761837211803
2018-06-06,0.008360226307245755,0.00583393373962493,-0.008103032342554606,0.0005697980927446,-0.004027254502843913
2018-06-07,-0.0001080438691891672,-0.008131736380116994,0.009685399664473682,-0.00048810250152531154,0.004239819112835441
2018-06-08,0.002956292064312027,5.7468247870673395e-05,-0.0030030129720055587,0.0012209142530825723,-0.001374394909165022
2018-06-11,0.0013301500894897789,0.002694672418449562,-0.0018410676990722186,0.0017884823744616085,-0.000982458498197114
2018-06-12,0.001292497731618436,0.005259688374318783,0.0002520576914331052,-0.0033271415316106223,-0.0005910472333301442
2018-06-13,-0.0031907364919929737,-5.682763437264704e-05,-0.0005030122576701324,0.003012561044629436,-0.001181598255305949
2018-06-14,0.002517390625057514,0.010123855592500286,0.008299972875426942,0.0015422908372948463,0.003154625532168831
2018-06-15,-0.0012754588211721929,-0.0034910080699154244,0.0009142242625126418,-0.01653429211330959,0.000786979237641372
2018-06-18,-0.0020570556772828708,-0.0005774028472660397,-0.0009133892199267857,-0.0018954650937899054,0.0004905583112910783
2018-06-19,-0.00383260098481919,-0.0028329189144049582,0.0058197351857047774,-0.0025596363391253707,0.00264973228190879
2018-06-20,0.0017058763621549122,0.007102144181226455,-0.008761865418954073,-0.004470206141435118,-0.0032300131907972984
2018-06-21,-0.006268977812791898,-0.0086881676638636,0.005254012194139568,-0.001746208886931222,0.0026514768728016502
2018-06-22,0.0018231448104537584,-0.0022197249960662635,-8.310814140877198e-05,0.0024156041546103957,0.00019618100967822016
2018-06-25,-0.013612512239765673,-0.022530254850859133,0.002239596202608718,-0.0037393797734436296,0.0013708031099335383
2018-06-26,0.0022136872852887013,0.004084831912338327,0.0014072270010154764,-0.0052547940330739396,0.0004888175564492503
2018-06-27,-0.00828399325535234,-0.01359906346820583,0.00942412695906003,-0.005701830395735019,0.003812703028740927
2018-06-28,0.005717221645288761,0.00860182341780491,0.0002459599058324269,-0.00303593021413906,-0.0009737187764876643
2018-06-29,0.0014398035820910593,0.002687161789349135,-0.003438777083508815,0.003637288959023266,-0.0007793520047130187
2018-07-02,0.002138162912181274,0.006699666910801039,-0.0007824318021881771,-0.010029518972628937,-0.000685049418104211
2018-07-03,-0.0035315343712921665,-0.011574125048606443,0.005356244534312049,0.01013112932642235,0.0025434661085532717
2018-07-05,0.008158139772191042,0.012412331055531745,0.002868594871983765,0.003371272825408722,9.70983768389111e-05
2018-07-06,0.008458146836880509,0.015555997114187425,0.0032695707792846918,-0.0015959885471287238,0.0008776186516963325
2018-07-09,0.009004215558687356,0.008997512861067314,-0.006435772308457488,0.0024398528860691826,-0.002534088485646846
2018-07-10,0.0035985785978231988,0.0007335166928736925,-8.19549625715732e-05,-0.001846422307055895,-0.0007816443962361808
2018-07-11,-0.007314695767691504,-0.005075438438272073,0.0038543432939541766,-0.010846724226159843,0.002054241751319852
2018-07-12,0.009066529212752972,0.017231561317479605,-8.204256070576399e-05,0.004165231777556899,-0.0003901442114876419
2018-07-13,0.0007872577296279548,0.000835714805903276,0.0025326883747309736,-0.004401901762097649,0.0016587145653552682
2018-07-16,-0.0008941601148479972,-0.0023940252081977587,-0.004155869492849407,-0.0005101399394812356,-0.0016559677874664613
2018-07-17,0.004045196054455635,0.0060832533290418045,-0.0018818211559018527,-0.01080394929383155,-0.0005863545071146392
2018-07-18,0.002103399849621601,-0.001885959607421106,-0.004017356670462768,0.00025798744076199753,-0.0007815060974316612
2018-07-19,-0.003771115863766772,-0.005002172393937077,0.00633813399576133,-0.004298856594405098,0.0027369095788556397
2018-07-20,-0.0011431821620390137,-0.0002234882570911756,-0.012268780985956185,0.006476124823511453,-0.003509149372888598
2018-07-23,0.001859712160664273,0.003184612246413643,-0.012338644926565112,-0.004804371742649027,-0.0048914882815804805
2018-07-24,0.005031848995325827,0.004121166534507559,0.0034374801048255854,0.0003448354786839136,0.0006880829349751316
2018-07-25,0.008522058165361335,0.013976933940408998,-0.001587294522280125,0.005515334234738045,-0.0006876098024042321
2018-07-26,-0.002358654698743301,-0.01515150184498737,-0.0019249815660056235,-0.0077991400388178755,-0.00108132553909146
2018-07-27,-0.006776165735813855,-0.013496337838265648,0.0016769383097201551,0.0005183138095208317,0.0015744897079406073
2018-07-30,-0.005223557646411137,-0.014131415264886149,-0.003432094002988939,-0.0015540041641225466,-0.0012771359333816346
2018-07-31,0.004929329997947374,0.0076524395107939736,0.005459643149933191,0.002939873181190933,0.0013771571090612778
2018-08-01,-0.0016708943626659867,0.0037970712077559643,-0.008147221063816379,-0.007328204929526905,-0.002362734882795925
2018-08-02,0.005447984524387328,0.013606834600687234,0.0014357680996313071,-0.005384772884042377,0.0011844865578902741
2018-08-03,0.004284896815516914,0.0030632415574167737,0.0049737504874409755,0.003492853105171001,0.0025625414778855937
2018-08-06,0.0036672808043090033,0.005886301652363812,0.0005864518358900117,-0.0051339744804317355,0.0004912273578889792
2018-08-07,0.003302077045429508,0.0036439813148345657,-0.00519679825381103,0.0022740706959851753,-0.0020633849255728975
2018-08-08,-0.00042009773201068246,0.0012097498525567296,0.001010994390955977,0.002792628802213759,0.0008870128767526353
2018-08-09,-0.001366073007042612,-0.0006041440630871753,0.008418450939295496,-0.0014794690881722028,0.0027537541335136417
2018-08-10,-0.006700435612860489,-0.007641318495715477,0.0072623282222563645,-0.0004357279352805721,0.00431694342118516
2018-08-13,-0.0037433306801981647,-0.001107595330755884,-0.0020720155759572645,-0.01508416880379293,-0.0002930285109926656
2018-08-14,0.006380793215901237,0.006266771366622015,-0.0022423685832765328,0.0009738014451408095,-0.0009775024471644356
2018-08-15,-0.00746738882380682,-0.012235068051156373,0.005826851925809118,-0.016626844065553037,0.0024454649044398646
2018-08-16,0.008090968085925576,0.003291608038854976,-8.26100026558585e-05,-0.0008094609704913935,-0.00029295771580106766
2018-08-17,0.003520541673073252,0.00022250641692611595,0.0012410119209764758,0.009270916232611892,0.00039090631711324875
2018-08-20,0.002140018898884044,-0.0008893813332042644,0.006695330777809039,0.0049942495470025605,0.003121581983883015
2018-08-21,0.0023453712121468406,0.0036727344010645258,-0.0033665422449952187,0.002928336094692563,-0.001361300914445418
2018-08-22,-0.000593599073604123,0.003881045946199979,0.003954567102644857,0.002211997942183075,0.0018504252707924884
2018-08-23,-0.0013280898797716212,-0.0014362091597972526,0.0015592281891834148,-0.009446452957847074,-9.720140429358981e-05
2018-08-24,0.00601875025692733,0.009292217997208585,0.0019663893504755503,0.01746886601762876,0.0002919038460773571
2018-08-27,0.007895464269403574,0.010192998895766525,-0.005724329732898381,0.00376657902932398,-0.002235649175386323
2018-08-28,0.0004830500238781621,0.0014647427441580874,-0.006003031439079987,-0.007941321771505638,-0.0022401148724817688
2018-08-29,0.00538070778010824,0.011537818618067464,0.0013233799849232675,0.004574213948543848,-0.00029321998036724306
2018-08-30,-0.004048489406426992,-0.001767137181020284,0.002148418893852977,-0.004903656511020316,0.0018552125759867533
2018-08-31,3.428024168994348e-05,0.0012873248629665657,-0.002308274345605099,-0.0011439392301669793,0.0001948427861702129
2018-09-04,-0.0017226421209506348,-0.0042859960659158425,-0.005781680985031734,-0.005109698001402485,-0.0022846282581765465
2018-09-05,-0.0026905425390919557,-0.012913680264536986,-0.00266614056111536,0.0034534613352918964,-9.803430764654397e-05
2018-09-06,-0.0030101893816671943,-0.008939795278478102,0.0036757231837967197,0.0019414156485668688,0.0020555602805636397
2018-09-07,-0.0019435425355579516,-0.003850270156516178,-0.008489664518978701,-0.0027302937827557994,-0.004493514355506156
2018-09-10,0.0017385134064373808,0.003367901232816717,0.003693295566191912,-0.000706542689065337,0.0005889779329115719
2018-09-11,0.0032975027924457834,0.007704709979102331,-0.007610438938236652,0.0006186451072049959,-0.003628557482034722
2018-09-12,0.00024207527728226097,-0.0029489144175637305,0.002359868870532633,0.008390716640166218,0.001181092973771447
2018-09-13,0.0059143501137748355,0.010679869404263131,0.0015131742465623876,-0.003591101333891067,-9.855926432444928e-05
2018-09-14,0.0001721581840246067,-0.0029258607914294243,-0.004785288130698229,-0.006504970809317334,-0.001867882156039391
2018-09-17,-0.005294289335383007,-0.014403196118191519,0.0,0.005220350246058381,0.00019723256288584068
2018-09-18,0.005426008224221013,0.008271570145388596,-0.010459524668356535,-0.0014963310274801467,-0.004136770311428006
2018-09-19,0.0010659230782203988,-0.0007657336980169127,-0.0059669901286332205,0.0038786565809445506,-0.0016811351265257901
2018-09-20,0.008103614062132225,0.011056545928127104,0.004630476008567808,0.0034246522572403126,9.885128371500684e-05
2018-09-21,-0.0009133425099147052,-0.005467687405952826,-0.0004272425873699248,-0.006825928084458366,0.0003961016171667442
2018-09-24,-0.003322375377054043,0.0027811671060873344,-0.0025614223024393867,-0.00017619740455376842,-0.0010889400618824263
2018-09-25,-0.0009277445500474046,0.0013596215580549131,-0.0010271009526645614,0.0015863250483771907,-0.0009907570136220567
2018-09-26,-0.0029920304801421826,0.0007057821478806403,0.007027033950582906,-0.005279352979018381,0.003273809003002448
2018-09-27,0.0027941784448481943,0.008465847763294398,0.0006813388246360574,-0.008845643281780058,0.0
2018-09-28,0.00010306825070705017,-0.00021526843093633286,-0.0026364939771722495,0.006336448595585464,0.0004946189079735319
2018-10-01,0.0034743791162412663,0.002045231631604638,-0.00734144666376102,-0.001685016298391906,-0.0025358249386183696
2018-10-02,-0.0005824821900763943,-0.0022559325084910986,0.006112648359009043,0.011548397044346626,0.0025819185122675226
2018-10-03,0.0005486074455349765,0.0010766331942286822,-0.017370927808945114,-0.003951915050342092,-0.007428075867868866
2018-10-04,-0.007815668976550838,-0.01919858731604529,-0.007053979244900144,0.0005290529796950771,-0.002594541830146624
2018-10-05,-0.005597445514069155,-0.012227269867281398,-0.008594924535271664,0.002819877382429281,-0.0024003647071504375
2018-10-08,0.0,-0.006105820038978971,-0.003361646489326686,-0.011072074713894375,0.0004010543539667566
2018-10-09,-0.0014587783955947176,0.0032394984832782026,0.010118699637706507,0.0005331220730910857,0.00190445341963974
2018-10-10,-0.03166317357762094,-0.04397981724096278,-0.0027234165296292634,0.00248666770063255,0.0005001412556102647
2018-10-11,-0.022026826208102035,-0.012402640508585305,0.012159186862537696,0.025691013434101517,0.004100201327583708
2018-10-12,0.013888354384385071,0.027830040779946552,-0.003482462271092057,-0.004750349180877911,-0.0011950797736277607
2018-10-15,-0.005617098997077075,-0.012104170911227952,-0.00043677649700379906,0.006682258271583086,0.0005983934088416021
2018-10-16,0.02186610740190087,0.029092199161080412,0.0022723647702911354,-0.0017241116227775244,-9.979568195805921e-05
2018-10-17,0.00017837056890512848,0.0003950221779449592,-0.005929265744675782,-8.63742311474347e-05,-0.0028903012274617
2018-10-18,-0.014441269207752794,-0.023182659516044812,-0.00035072665228874644,0.001122698440194414,0.0017987460075450379
2018-10-19,-0.0005425446745310758,-0.0009234161511204597,-0.0021939925345666467,0.0007764317521294917,-0.0011968568389522094
2018-10-22,-0.004488773924941514,0.005143692989825199,-0.0013190023739504397,-0.002586010225269386,0.0001992370507253316
2018-10-23,-0.005090949207520401,-0.0036799102024867025,0.0031699560884244082,0.005876763551604158,0.002596874868157739
2018-10-24,-0.030298372942102247,-0.0457670132934066,0.0075493817563461185,0.0023198236435848507,0.005379070846488032
2018-10-25,0.017940602795904592,0.034595358535064014,-0.004182214011141938,-0.002228717024418514,-0.0023777542434720855
2018-10-26,-0.017587474886339383,-0.02572186755059591,0.00603710251736711,0.0031786521678458524,0.004469018695574256
2018-10-29,-0.005540247187239888,-0.02058090435579696,-0.002261016042463093,-0.003939360261170033,-9.883303738378313e-05
2018-10-30,0.01481860266232804,0.016479912716150125,-0.0049686530601565915,-0.0043847864976440665,-0.002175549404318633
2018-10-31,0.010680849563283523,0.023505427892368536,-0.0050802641966603,-0.005613139108367582,-0.0024764578142870697
2018-11-01,0.010641504556028192,0.013190308011996388,0.0009269840796581885,0.01285276342099273,0.0008552680804805313
2018-11-02,-0.005922578869830275,-0.015575863182561211,-0.012433472805046808,0.00017151910256396619,-0.005570078305145443
2018-11-05,0.0055166422196677445,-0.002479838068693674,0.0039290333559953705,-0.0024003324100665413,0.0005998528987218865
2018-11-06,0.006327868850396268,0.007575820813521039,-0.0006228289116207986,-0.002835798085983776,-0.0010994560940705833
2018-11-07,0.02140903725410781,0.03136736743898805,0.0013349161014197808,-8.619558903444346e-05,0.0
2018-11-08,-0.0018147205232467156,-0.006378569889195829,-8.887576507154993e-05,-0.0021546152083956605,-0.0014011591180164151
2018-11-09,-0.009768805528545865,-0.016852208803022184,0.007466227832716887,-0.011228151978489587,0.003908553485934441
2018-11-12,-0.018684756652394885,-0.030258583595240363,0.006528392814763029,-0.007162820324765118,0.0029947532985337144
2018-11-13,-0.0018713540477298674,0.0008415775136347836,-0.0006136531990469374,0.0003518677181439944,0.0007966212512198201
2018-11-14,-0.00683667055964432,-0.0076288673490735315,0.0006140300005210708,0.008267391966898296,0.0020884319843781363
2018-11-15,0.010436546416498604,0.017494043000990667,-0.00043834774780437957,0.0011339606953078007,0.0006945096853365751
2018-11-16,0.0026009130252340196,-0.00351041123880802,0.0057877851930017155,0.00740616997802257,0.0030749918449455294
2018-11-19,-0.016914574427872253,-0.032477546921251044,0.002789634841484867,0.0004324115306661991,0.0014829694779745495
2018-11-20,-0.018506241193108064,-0.017894516461671506,0.0003478594627743803,0.0,-0.00019749731475748877
2018-11-21,0.003407595547340714,0.007602542283533964,-0.00034773849864710993,0.0016426250921932617,-0.00019735376172980157
2018-11-23,-0.006678410957819514,-0.007233374800724612,0.0010434949487785339,-0.0007768338236752159,0.0005923607557347665
2018-11-26,0.01614386726040351,0.023114137612132657,-0.0022581877434885156,-0.0011228924348919422,-0.0007901984009340834
2018-11-27,0.0033649248998399717,0.0033763992486832706,0.0011311481011206936,-0.00596681464067883,0.0009880725398661028
2018-11-28,0.023025189115250866,0.03218290287146086,-0.004868705178101007,0.0037407596049732206,-9.88009505691334e-05
2018-11-29,-0.0021850014679215546,-0.003259547476767266,0.003931546068227432,0.0031201301691909933,0.0025666151172178964
2018-11-30,0.006095217624555005,0.007255074515633453,0.0037426645803924075,-0.0017279847238081958,0.0019687889527224556
2018-12-03,0.01324137412942017,0.017476754169194475,0.0071005915190172075,0.007529883500850154,0.002185626580648803
2018-12-04,-0.03240237300144633,-0.03835712624970933,0.01674112187256127,0.00609912432039339,0.004617198977830528
2018-12-06,-0.0015172793623722258,0.0070602070683307705,0.0031405216854794027,0.0001707363609755319,0.0025429571120796357
2018-12-07,-0.023235800124825068,-0.03301562997571894,0.0018612875362353787,0.00810992789134457,0.002926039620041454
2018-12-10,0.0018970150089379079,0.010472055880096143,0.004138087964652426,-0.003471894702593792,0.000583446746420746
2018-12-11,0.00022711177970258234,0.0033117373254496485,-0.0001681463356298929,-0.001189661703648759,-0.002527093875220432
2018-12-12,0.0050352408908937996,0.008801169544814691,-0.004458157584284472,0.0021269354947484054,-0.002728836973026172
2018-12-13,-0.0003391107200387822,0.00030296374281402194,-0.002365958928558176,-0.002207336227265433,0.0005865439939094497
2018-12-14,-0.0184646009758217,-0.02434896599310654,0.003472771872550906,-0.0039989894119348834,0.0015625698179075886
2018-12-17,-0.019618527242950767,-0.022659745920473595,0.005823631120192907,0.0069195729103175285,0.002925348695574037
2018-12-18,-0.0010962974417885185,0.00628893297448152,0.005988852925399968,0.0023754880187698557,0.002464894711938115
2018-12-19,-0.014975823228297047,-0.024555100233838778,0.013210342436196454,-0.006093958623821227,0.003497781645811937
2018-12-20,-0.016278061300450064,-0.014495426146113322,-0.003630331739358006,0.015413416962360094,-0.0012582964071687908
2018-12-21,-0.020489440550005344,-0.03099365551173605,-0.00016590401191030058,-0.004360924625816387,0.000872294465616541
2018-12-24,-0.02642298860961234,-0.024797773057281702,0.0049697169003766195,0.010950096100037499,0.0025189943536676473
2018-12-26,0.05052485796801953,0.06243868518086049,-0.010714891987337882,-0.002999441684935489,-0.00473486642904708
2018-12-27,0.007677178562384146,0.0038698409327451166,0.0001662625772387294,0.007604847107346435,0.0025244399250874405
2018-12-28,-0.0012897364590940263,-0.0005226147024411931,0.008414082080749008,0.004064011487183938,0.005423481459964075
2018-12-31,0.00875884055826437,0.00843286139342081,0.0038004186773532567,0.0015694898830167503,0.003756572738602859
2019-01-02,0.0010403118267137135,0.004019452667365586,0.005266874248454068,0.0006598089159148834,0.0021117845493845433
2019-01-03,-0.0238628010428531,-0.03267035077444269,0.011379051874709889,0.009066170423806419,0.007948502155470827
2019-01-04,0.033495874982267804,0.0427841381346632,-0.011575159085851494,-0.00808623590052937,-0.008075711865136115
2019-01-07,0.007884480641332736,0.01190589930712771,-0.0029478412106840324,0.003458482876331992,-0.002778161110594257
2019-01-08,0.009395267304664667,0.009045394884220181,-0.0026284426667462224,-0.00270804061547536,-0.002497106530861992
2019-01-09,0.004673820485310509,0.008149617875521153,-0.0015645761520016732,0.006418158373500793,0.0005774388080188597
2019-01-10,0.003527237726900889,0.0028603676701339786,-0.006433567755893765,-0.005886691481276518,-0.0004808917725069861
2019-01-11,0.0003863325338295809,-0.003658307228047719,0.0039017411171811123,0.001727170986037363,0.0029842398489265953
2019-01-14,-0.006100891239045669,-0.00883677989264342,-0.003721091299994095,0.002380897199235621,-0.0005756653003821111
2019-01-15,0.011460711418275427,0.019526484604639016,-0.003652453150293389,-0.0017200351443329431,-0.0009609085223398761
2019-01-16,0.0024200410159744834,-0.00018453532921491878,0.0009998764975467367,0.003199863787636481,-0.000576196856461153
2019-01-17,0.007586573263755003,0.007883721481937611,0.0002499380520906147,-0.001308546962521917,-0.0018275350983092409
2019-01-18,0.013310216080163695,0.009900311264817274,-0.005241824184063604,-0.008926410300850951,-0.003181151471252641
2019-01-22,-0.013510531246568758,-0.020030099887449415,0.006774682020822986,0.0035531343340227117,0.0034809284125341122
2019-01-23,0.0020923636241103605,0.0012968362563876568,-0.0004153605307980479,-0.0013997379433262624,-0.00048171376924388554
2019-01-24,0.0005314600734371844,0.00647519190070267,0.006565566308377235,-0.0015666428373899421,0.0031812335881260534
2019-01-25,0.008461538012364711,0.01194883020520443,-0.004789027402625767,0.01461726258147622,-0.0023064645050027144
2019-01-28,-0.00760055627697942,-0.012352352427906998,-0.0009954153830351586,0.0034999210730881636,0.00028912973280359466
2019-01-29,-0.0013267901001984272,-0.009441294004291834,0.005066048471086049,0.005596580714432919,0.002888511589545617
2019-01-30,0.015830979727527783,0.025437456657896096,-0.0007435386139256206,0.005726722578225818,0.0023042951081544416
2019-01-31,0.008782253036756504,0.01496892345964107,0.008599711510366648,0.00048117377030232333,0.004597377827177507
2019-02-01,0.00048156490730977275,-0.004222448830249581,-0.006039661209449987,-0.002004008016032066,-0.005350692002585533
2019-02-04,0.007035681967091145,0.01242157302512914,-0.004464491490708045,-0.004337356751223598,-0.0022095394957170056
2019-02-05,0.004191702418553378,0.008848372915215785,0.004567695395374827,0.002581475453272253,0.0017331263180750955
2019-02-06,-0.0013182920519980712,-0.002982176275724835,0.0004959610101373801,-0.006758902044908588,0.0007687396739508578
2019-02-07,-0.009532758115674778,-0.013429520765743108,0.0066095091474998036,0.002430293392984062,0.003265450014371396
2019-02-08,0.00122145922252348,0.0019617719043787396,0.004268953538821618,0.0037982966608789415,0.0013400395988341085
2019-02-11,0.0005546348520073519,-0.0009492423648422843,-0.003923791923349795,-0.004911042708701019,-0.0015296877896595618
2019-02-12,0.012859473232899044,0.014786169611762823,-0.0025432166967650494,0.002103577179937588,-0.00134038448278051
2019-02-13,0.003246806313149886,0.0007020379581179625,-0.0037843304086515595,-0.003956062177902009,-0.0024924629877921545
2019-02-14,-0.0022179521490923726,0.0012282418815061646,0.0056979408978425905,0.005592889654295163,0.0047086739739461425
2019-02-15,0.010896916126931,0.004204949054509521,0.0015599557008265652,0.005964900110646543,-0.0009559158298448889
2019-02-19,0.0017305197699446495,0.001977533854671254,0.0025411567697533055,0.015224309695700766,0.0017234031604960176
2019-02-20,0.0020156058057965165,-0.00017402385926479358,-0.0028617355199603844,-0.0017363346220005127,-0.0001913354122948796
2019-02-21,-0.0035560212925211943,-0.0036577349487463273,-0.008939132767341929,-0.011306137470128319,-0.002963412109695307
2019-02-22,0.006199926997320304,0.00740024682388607,0.005957995371585367,0.0035985360836492397,0.0029722200225026363
2019-02-25,0.001361560584759891,0.003644195146724094,-0.002961236356161523,-0.0010358346885893654,-0.0015293953671458027
2019-02-26,-0.0007153048255027494,0.0010370496581926236,0.004950025991312446,0.001675034536747555,0.0029681272009278725
2019-02-27,-0.0004297472253755874,-0.000633545818675807,-0.01132914534017948,-0.0070871108191714605,-0.003532637364921376
2019-02-28,-0.0018623649297005995,-0.002303882518470912,-0.0034044351516753224,-0.005613959130088775,-0.0025864600033373986
2019-03-01,0.006243559312310243,0.006928715260226204,-0.009242862538208163,-0.017017506627186707,-0.0032816076436134045
2019-03-04,-0.003637791395121437,0.0001718266436867566,0.007837400646882209,-0.0026255308667169075,0.003089945085152035
2019-03-05,-0.0013598653549697914,0.0007455537071712204,0.00209062320342035,0.0013162525939691694,0.0005778172030663775
2019-03-06,-0.006056393105544178,-0.005672131360673349,0.0036714331596712224,-0.0009037184460104486,0.0027890681231212966
2019-03-07,-0.0083658434310242,-0.012272033874817123,0.006484490808775112,-0.0008222882461903502,0.003358067824578592
2019-03-08,-0.0020001090584210734,-0.0015166481711846869,0.004213437575689483,0.010945553273622899,0.0014337791710063996
2019-03-11,0.014501255532770374,0.020798222334259986,-0.0029615649793063303,-0.004884390198699684,-0.0007633539672345924
2019-03-12,0.0037709456208823156,0.005493880332974932,0.0070128662587807256,0.006053709964792153,0.0027709366079369246
2019-03-13,0.006619468478632706,0.007513254417039983,-0.0018845326743105462,0.006992949727453013,-0.00038126253638659513
2019-03-14,-0.0006397494972897322,-0.0016946395040421391,-0.0072229271965567055,-0.011547098821608426,-0.001429668032621012
2019-03-15,0.004940585201208769,0.00928071979750622,0.00661440637949684,0.004574769560006908,0.0031497202869485985
2019-03-18,0.003625629734545388,0.0023812826435096746,-0.0005749390025652223,0.0005692420438265788,-0.001331856381821317
2019-03-19,0.0002482522846205537,0.0033626164760518495,-0.0022194000655619828,0.002763299214570525,-0.000667471534828934
2019-03-20,-0.0030101181856604375,0.003964846135691591,0.01046068877435724,0.006484057947534483,0.006960590515870946
2019-03-21,0.011294753497087084,0.015632314266710967,0.0022005342991857635,-0.004026413261163153,-0.0004735131305694251
2019-03-22,-0.01924643563210937,-0.02196421082063471,0.015534992196882147,0.002344768069306058,0.007388619148269715
2019-03-25,-0.0007518737403234832,-0.0019037070337012407,0.0016016478531886147,0.007663119616744263,0.002539885041683343
2019-03-26,0.007454110983877715,0.004656951705205303,-0.000719273401538878,-0.004963137418149799,-0.0008443974512923891
2019-03-27,-0.005229134980513694,-0.006423118451003296,0.00920188040675729,-0.005229296137734152,0.0029101155782769172
2019-03-28,0.0037902131048230814,0.002304688582340342,0.0034888451594488057,-0.014152850613865509,9.346663901865782e-05
2019-03-29,0.0063058042449115614,0.0075711115769174775,-0.0009476895792471796,0.0009023839948698598,-0.0015912731429532645
2019-04-01,0.011859153924556942,0.013247378728774795,-0.014204306761997354,-0.003934131206699276,-0.006875935155288948
2019-04-02,0.0004895908926088044,0.003790536907435138,0.0018493550491582855,0.0037028271386223555,0.0017023880516922052
2019-04-03,0.001573901453933102,0.005745959434411585,-0.00866785829916128,-0.0014756542074283452,-0.0031157549627210956
2019-04-04,0.0026534418960892925,-0.00038062085206813645,0.0028336490582148155,0.00254513588527594,0.0010418310779249929
2019-04-05,0.004840051721435534,0.005170946902407492,0.001291431017726108,-0.0010645913747292512,0.0004732713797488408
2019-04-08,0.0007622205727109144,0.002545220138260751,-0.0035471034449673366,0.004344964459018774,-0.0016081537949599323
2019-04-09,-0.00512479990737702,-0.003510816069135392,0.0031553061287328266,0.0052240582686200465,0.0017997998142036398
2019-04-10,0.003411141910092619,0.005366320392475865,0.0024198303929594545,0.003085645543724258,0.0023643585047596893
2019-04-11,-0.0002774295637163471,-0.0023724918922944926,-0.00587362744180242,-0.012790430232882732,-0.0022642575932694253
2019-04-12,0.006765654636066598,0.004323731077048754,-0.007123147857125978,-0.0009839698252590567,-0.004633444080670013
2019-04-15,-0.0006547809452642772,0.00016155669923345606,0.0025274424504193593,-0.0018879040751599296,0.001329904324249176
2019-04-16,0.0006552099642640474,0.0034434685375377416,-0.006261508736241539,-0.008963785785923273,-0.0034150508594398277
2019-04-17,-0.0024472144468614676,0.003485282003167667,0.00040937928952344826,-0.0019085831288392363,0.0001904090624260668
2019-04-18,0.0019692794291170657,0.001281973693967986,0.005234759248500254,0.0007482870651696061,0.00237905056044152
2019-04-22,0.0008626620426352982,0.0028287342671926563,-0.004800341231308236,0.0,-0.001424320485141295
2019-04-23,0.00899137706142561,0.012718227796029158,0.0021259133474615943,-0.002076929420084306,0.0018066488156596172
2019-04-24,-0.0022194137729674157,-0.003152807518389311,0.008157957531361504,0.0029137401441747812,0.0037969777203734623
2019-04-25,-0.0006161209778240417,0.004058646248453535,-0.0014566082492547539,0.0008300695036758121,-0.0012296960211853891
2019-04-26,0.004656749646339886,0.0008924970286390277,0.003403915544993641,0.006635175033447016,0.0026510040603164864
2019-04-29,0.0015678770299807354,0.0019407072678960802,-0.006380800938908582,-0.004449212353194509,-0.002077319590746307
2019-04-30,0.0005099122964753455,-0.0077478763843888965,0.005121037012695062,0.0030621129817147708,0.0019871023620043893
2019-05-01,-0.0075158966738492206,-0.0032183865480868157,0.004125397090479543,-0.0066006224629272525,-0.0004541433190256017
2019-05-02,-0.00215882698522063,-0.004340105830291541,-0.004762094386002391,-0.0038205903541769226,-0.002839771812046865
2019-05-03,0.009787774472856503,0.01594815099751634,0.002838212444544297,0.005919618726200282,0.001329220520051022
2019-05-06,-0.004115291623729034,-0.006122043547034051,0.0027496172705829824,0.001326117121353887,0.0025592465888326643
2019-05-07,-0.016699652874474502,-0.019479865592849532,0.007661244931490341,0.003310996887363693,0.0034045104128364034
2019-05-08,-0.0013893551672624627,-0.002523798135892652,-0.004321529363624843,-0.0024750055657883907,-0.001885340618233755
2019-05-09,-0.003025924450530626,-0.005382898430530414,0.004099294357179151,0.002398422606480155,0.0026440487046446304
2019-05-10,0.005023316517282828,0.001245045094357522,-0.0013606760306102972,0.001897717514232511,-0.0006589895487851827
2019-05-13,-0.025130087333927298,-0.03470271189416285,0.007855517923847088,0.010211626950944463,0.004994171630633648
2019-05-14,0.009043563880758665,0.010975479249879516,-0.0029428089103894495,-0.001711902564663248,-0.0009372552719967286
2019-05-15,0.00585752709261711,0.014124082873420818,0.006142456771191407,-0.0005716127335255727,0.003190908751202981
2019-05-16,0.00926148279160155,0.010049750818979186,-0.0033300518086476494,-0.007190107507202059,-0.001964619254208433
2019-05-17,-0.006465210659899023,-0.010220272266859287,0.0022273265173893275,-0.007077611679961793,0.00046858129864135734
2019-05-20,-0.0066121647536163675,-0.016881519972132386,-0.002063630007487882,-8.290208125960596e-05,-0.0016863250579998157
2019-05-21,0.009016016756304923,0.010447708269802236,-0.0015908988714198324,-0.002320944800343727,-0.001126001428199741
2019-05-22,-0.003071872596850045,-0.00445500497613005,0.0057355924255386714,-0.0009970317877491253,0.003006427107763665
2019-05-23,-0.012218365533071873,-0.015302218012632762,0.011247571385987643,0.007734533613593886,0.006088845283687805
2019-05-24,0.0022681772320742866,-0.0005050119957129562,0.0008617654234166494,0.0010729131367257505,-0.0002794850808364169
2019-05-28,-0.009300395433719744,-0.003760537927315899,0.007199898912381819,-0.0038747008151563955,0.004377584014189306
2019-05-29,-0.006710547216965401,-0.008225698454569552,0.0030303754968121766,0.00033105118696652447,-0.00037106986249668683
2019-05-30,0.002731217442790479,0.004203871596367481,0.00859885710965691,0.0067841455794739325,0.003617961128244085
2019-05-31,-0.013475816897040471,-0.01595321163731389,0.01251855162579707,0.013476862164072179,0.006654611162730362
2019-06-03,-0.0025426070046250526,-0.022017736634888818,0.006689217874406239,0.014432812396575123,0.004811984708706696
2019-06-04,0.02170668507592244,0.028156628466164513,-0.01140114585169294,0.0003197259638094696,-0.003662489225948029
2019-06-05,0.008661925414579441,0.007432179345616907,-0.005652126776367727,0.00255692921232642,0.0
2019-06-06,0.006503182130493279,0.007945513478593513,0.0032262026540750277,0.003267681746441209,-0.00018342072619026428
2019-06-07,0.010007215601096853,0.019311784980521107,0.008651635930442492,0.0056402851919619135,0.0039519758329435994
2019-06-10,0.004588422176505791,0.01165488431027173,-0.009412436663201573,-0.00995334973762696,-0.0049439496026200125
2019-06-11,-0.00024225331401594996,0.0013649317664765626,0.0006131618556115548,-0.0011968524989021123,0.0
2019-06-12,-0.0017650120307444173,-0.005779853596177942,0.0007654941272914328,0.00519253494403471,0.002575657637106543
2019-06-13,0.004126115472673275,0.005923249627462157,0.0034439327858177826,0.006119340633088832,0.0024787110702435555
2019-06-14,-0.00110512763230608,-0.004252533856504481,0.0025166088690085076,-0.00031596300165459557,0.0007316961250141141
2019-06-17,0.00038008352891716335,0.00602260945970845,0.0017494184360882237,-0.0006320654488249922,-0.0001825818575328375
2019-06-18,0.010471093916385232,0.014531507854043113,0.005011671605904988,0.005060083591572395,0.0019216288942274229
2019-06-19,0.0022575255996322152,0.0037549890805030905,0.001435394945684676,0.006057242183997058,0.0027388846466744887
2019-06-20,0.009554080185818492,0.009299623961978032,0.0026407864461115427,0.025177896911959374,0.0016395559769675216
2019-06-21,-0.0014535049320770765,-0.001482876430568214,-0.01098655164551865,0.006635612181659978,-0.004091269092216243
2019-06-24,-0.0012247728430738736,3.2061794159377044e-05,0.007456808030570139,0.014850786310930397,0.003468742709316963
2019-06-25,-0.009807659376484201,-0.017166214009252112,0.003096169685515404,0.0019411266395166216,0.0015469566900216947
2019-06-26,-0.000997192664335178,0.0046503921589722275,-0.0063995634057765205,-0.009165393111099984,-0.00408755246971404
2019-06-27,0.0035457431309975362,0.003821577472680193,0.007047041888747829,-0.000977700846950591,0.003009957740555791
2019-06-28,0.005145921813373144,0.0012867615054077408,-0.0006771811911591152,0.0027100317696175935,0.00045417077119358495
2019-07-01,0.009078315417512695,0.013494612937218653,-0.002338473782060646,-0.019369383559800002,-0.0012562724569574746
2019-07-02,0.002604489885683625,0.0039628577957242506,0.0077125914387117245,0.021359735486276676,0.0035554970152023024
2019-07-03,0.007995151585536542,0.0075261806693831534,0.0071293721966587675,0.001649060899963084,0.00190798889870325
2019-07-05,-0.001137965148215514,-0.0020374357725497783,-0.013263167659696484,-0.011150231525253074,-0.006347356406570026
2019-07-08,-0.005494453720378822,-0.007013740382715183,0.0013592151138110964,-0.006432617734537516,-0.001003547617205336
2019-07-09,0.0012462414126124255,0.005007684154365144,-0.00037696823651411915,0.0035037454291328984,-0.0006396480398365156
2019-07-10,0.0047779823567981605,0.00996521395903005,-0.005506950215735662,0.015787490178783115,0.0005485018772219963
2019-07-11,0.0023442134612932097,-0.0007269955904969372,-0.013350367221670378,-0.008443584154164463,-0.00493306269016347
2019-07-12,0.004476860216022782,0.005768495831727227,0.0011532062367551887,0.006254723814186791,0.0011017542874953712
2019-07-15,0.00033269585411610514,0.003203638554365451,0.005759751577394834,0.0,0.0021093925661912483
2019-07-16,-0.0032252427663562733,-0.005150673979455234,-0.0029778899413647197,-0.008462554430785363,-0.0021967001126781405
2019-07-17,-0.006805357660771727,-0.004918333642224493,0.010797784882335515,0.01646531748539748,0.004677419664370186
2019-07-18,0.003661168635560097,0.0011446679030382434,7.574778246577374e-05,0.014117951186161548,0.0024642735562900864
2019-07-19,-0.005554890344491636,-0.007327772327433202,-0.0023482177646678704,-0.014727392803034478,-0.00182079629723364
2019-07-22,0.0024568240005491404,0.007957514590193338,0.0018983661803324559,-0.00014876383044060137,0.00045640289943249535
2019-07-23,0.0071497198586911725,0.006544559753065782,-0.005457192691916912,-0.005652618252780628,-0.001641521067085705
2019-07-24,0.0046996658938920355,0.00701798191541525,0.004343678014929742,0.005086339018351538,0.0014614089404789699
2019-07-25,-0.00477749928453286,-0.009479828397871759,-0.004780068538410509,-0.007070008058076338,-0.0017330099310778335
2019-07-26,0.006700411936862327,0.010294685697162853,0.0023634001118812975,0.001648937368628589,-0.00018211320808669829
2019-07-29,-0.001821474619178809,-0.003430609602153245,0.00030404605085210257,0.006659678193005059,0.0009133921816055768
2019-07-30,-0.0024545702742975184,-0.004316211855298846,0.002433350383807875,0.003344956160896251,0.0004563208578500788
2019-07-31,-0.010940463896762065,-0.013830188669946453,0.008040871029253882,-0.013112972808538625,0.002554862208130171
2019-08-01,-0.008707625868398683,-0.004971011180402329,0.01985992137256609,0.02402219643390402,0.011342706492739829
2019-08-02,-0.007529848579032827,-0.014725280391645112,0.009241465731777199,-0.0038120684590625675,0.0020736890810846287
2019-08-05,-0.030072665737376436,-0.03533503879600486,0.017288436385140882,0.013981852270352535,0.008636871837960358
2019-08-06,0.014022342867205273,0.013998760844263991,0.00799326434908254,0.008128386897085838,0.0016055516328361552
2019-08-07,0.0005910242025588541,0.005402288487885487,0.00035762158646401865,0.015189695160357397,0.0
2019-08-08,0.019620061773790276,0.0217638693903488,0.0021418701601294554,0.005034686098196239,8.921159996666539e-05
2019-08-09,-0.006811496999133082,-0.009401835573520367,-0.0019955530205404415,-0.0033161732510501585,-0.0015141974510888279
2019-08-12,-0.012173514556663267,-0.011475384510731712,0.020850189993236956,0.009698502260031328,0.006332452714562731
2019-08-13,0.01555206605737669,0.021914821990422606,-0.003427353181980286,-0.005959518154781018,-0.0035452747310237287
2019-08-14,-0.029567511578461603,-0.029884462740803253,0.02252952388502938,0.0068415942238304606,0.0066701522901928545
2019-08-15,0.002641420551114715,-0.0011491856328019745,0.011118779809444312,0.0066549698650941735,0.006360930745482829
2019-08-16,0.014754962255232096,0.01605025927187631,-0.008009511574562755,-0.006402214255277094,-0.0026332633617365264
2019-08-19,0.012047903039630548,0.015904759379338662,-0.01430268177860039,-0.011696303286335752,-0.004753139787860183
2019-08-20,-0.007662773075396201,-0.007748264441475583,0.010344293503300683,0.007795380191040424,0.004422017571923398
2019-08-21,0.00813566607466254,0.008878530848833943,-0.00666511169170414,-0.003164420123660472,-0.0026417855543471314
2019-08-22,-0.0003079608576883608,-0.003233950702187127,-0.006640874758652604,-0.0025395077899371676,-0.002206985138029749
2019-08-23,-0.02568742032766791,-0.03164561623465978,0.016434777016812063,0.019589847185487175,0.00672447654497188
2019-08-26,0.011058361991133303,0.015104263241309646,-0.004042179987258865,0.00013875475282665306,-0.0009669601205180012
2019-08-27,-0.003923580709475294,-0.002110155963106819,0.015408534510474414,0.00957073902105865,0.00431070885001672
2019-08-28,0.0070415772679517374,0.003578591178602375,0.001287288709535428,-0.002816539407023644,0.00035052382468103715
2019-08-29,0.01277319546637945,0.015289944203115358,-0.0037889446199228516,-0.007164566813753437,-0.0019263306947220338
2019-08-30,-0.00044436445806994573,-0.0023948383162272213,0.0002717732678290119,-0.0025672712303844714,0.00026310876471713485
2019-09-03,-0.005847316992406482,-0.00970788552270252,0.0012922819850176293,0.013913043478260834,0.0021969618214254805
2019-09-04,0.011350505372706099,0.014435493910462727,0.0014942374292146177,0.006243592878966586,0.0015777980838138639
2019-09-05,0.012855310944178688,0.018319077902586356,-0.018110092587481863,-0.024001119491110168,-0.008052743845289534
2019-09-06,0.0007725171395840391,-0.0009911415582036787,0.007115467028754985,-0.008523132778435305,0.0006174793210831364
2019-09-09,0.0005030559083263331,-0.002087599593612599,-0.017765371489437576,-0.0037344897557421985,-0.006172421959615648
2019-09-10,-0.0002348686417297241,-0.0028765375785184677,-0.017528137516864106,-0.008557937047107611,-0.007276187307135751
2019-09-11,0.007111133740981712,0.009389159038435846,-0.001776945605160396,0.006063676329913781,-0.0009832824160042053
2019-09-12,0.003463765768948024,0.004157469341744768,-0.006550706570364384,0.002056360685188219,-0.002236688934587505
2019-09-13,-0.0006638657522420877,-0.003570890790215442,-0.021359377486688147,-0.008279177519783909,-0.009146004846670386
2019-09-16,-0.0030889195365044753,-0.004466920040692823,0.012743320662893076,0.008348294532203537,0.004343860378108522
2019-09-17,0.002532368038993482,0.004800105360672546,0.005424630873942737,0.0019813102518067005,0.002612984859099443
2019-09-18,0.0005977970800388199,-0.00041536335326652907,0.0042432014559936615,-0.006285306153149484,0.0003594358804199782
2019-09-19,-6.616965155936683e-05,0.0016619784521541003,0.0030086585753330564,0.004050828215713009,0.00044907232312607626
2019-09-20,-0.004725028334977011,-0.010578502846601334,0.013209956309245374,0.011820485442912032,0.005747304251481067
2019-09-23,-0.00023485708883952405,0.0004409717295077442,-0.0002113904064914296,0.005596383832365381,0.0014286963307892364
2019-09-24,-0.007846318296045762,-0.013280606821842622,0.012054649084963565,0.005286918308423871,0.00499281820586428
2019-09-25,0.005914918962976801,0.011224960454423893,-0.014627244070843703,-0.018545379403875573,-0.006565191406322279
2019-09-26,-0.0020833824412019863,-0.0036826815022452664,0.00643267158988392,-0.0002820880237280887,0.002143670540468934
2019-09-27,-0.005387175256832855,-0.012408884391485908,0.0024579966297912925,-0.005148429100112373,0.0014254911230191514
2019-09-30,0.004637549110614092,0.009517238146003582,0.0024520355318349285,-0.015525325955691782,0.0008011663303597594
2019-10-01,-0.011894886489878798,-0.008156445449543415,0.0030111647553048293,0.005472814807717441,0.0027687039073358566
2019-10-02,-0.01766455856719018,-0.017194424821818655,0.002443015937910964,0.011673634369571584,0.003463383323536018
2019-10-03,0.008193038832456256,0.01097527662808262,0.009120873802166418,0.004530648552570016,0.005221288879858843
2019-10-04,0.013531632205228794,0.014725742427436073,0.007384203441076931,0.0,0.0019366451860232115
2019-10-07,-0.0043145790352068225,-0.003018746329734201,-0.008288020186656642,-0.008527071931805796,-0.0033388872740937048
2019-10-08,-0.015524596866954732,-0.014981377074557267,0.002693242183756883,0.00874259511120079,0.0021160832865096957
2019-10-09,0.009496528183667197,0.009761881773688419,-0.005648183531201556,0.0009160434363713055,-0.002551332281441776
2019-10-10,0.006763210847261059,0.0077444764789555975,-0.014894356994353153,-0.008729359144837523,-0.006261937809566631
2019-10-11,0.010366972635346805,0.012878903002430997,-0.01237718187310688,-0.005539370732339566,-0.006834206806469512
2019-10-14,-0.0011136815833744373,-0.00010456452408302841,0.007262549645578931,0.003999125640758994,0.0027702442387640414
2019-10-15,0.009900399961479733,0.012716558692643876,-0.0120875075950172,-0.006970593591764218,-0.004812125484780605
2019-10-16,-0.0016060546182703472,-0.002480511905291527,0.0012160428246827948,0.0057302703836425994,0.0019696990947377646
2019-10-17,0.002949169994919343,0.002642287946517552,-0.0024300702828510268,0.0014243781997433924,-0.00035754813731503354
2019-10-18,-0.0043773885488498365,-0.009610112293063189,0.0,-0.0010667370445437419,0.0008943114700119548
2019-10-21,0.006779342542321265,0.008868466126360719,-0.00752248307532033,-0.004770136663166058,-0.0036623576063183894
2019-10-22,-0.003266783047311761,-0.007963196817711182,0.00584686466385298,0.002932997222985456,0.0023315580019895865
2019-10-23,0.002909426517099689,0.001928555194045778,0.0010053448072162574,0.0023537934253772264,0.0003575117924232707
2019-10-24,0.00163376602751919,0.009728671674024136,-0.0020080649440443743,0.007115918371069618,-0.00017929911933778353
2019-10-25,0.004095269963753312,0.007985873168374624,-0.004884269741665559,0.0023316740895991117,-0.0021459840765164495
2019-10-28,0.005636588496832573,0.009865032763003212,-0.009096850391194677,-0.008600036764796815,-0.003764319444391484
2019-10-29,-0.0002966912256128218,-0.0077443066642525205,0.0006563308454174965,-0.0027730332148816483,0.0009000254264717178
2019-10-30,0.0030672383041934204,0.004846042574128129,0.014633530358406865,0.005490226541611021,0.004853700199835664
2019-10-31,-0.0026631786031925397,0.0004570595459563176,0.013490847486786972,0.009998499224238566,0.006350105832398034
2019-11-01,0.009263677105612489,0.009082608575800899,-0.0030784007272549596,0.000912763389017579,-0.0018871610766368896
2019-11-04,0.004017862405537143,0.006184899343520955,-0.013161575415915117,-0.002876007780098777,-0.005083355174038129
2019-11-05,-0.0011064187650728918,0.0005496636683905987,-0.011246957200684693,-0.016180006273117664,-0.005378508363156342
2019-11-06,0.00022838366214239514,-0.0022478287756041437,0.006052170165635973,0.004290245395359271,0.0028839627799348566
2019-11-07,0.0035164590889011915,0.0033541711280933306,-0.01811901780562053,-0.015521486102876958,-0.007997610432408875
2019-11-08,0.0024659633148009785,0.003991260755738413,-0.004206989873448919,-0.006364394703267995,-0.001358857982799333
2019-11-11,-0.0019094445121320414,-0.0013416559789143356,0.000666808537870045,-0.002401934875323586,0.001088385192418162
2019-11-12,0.002107907447647994,0.0028863488386743352,0.004592967447342389,0.0026995120660886496,0.00045313048290340774
2019-11-13,0.0003237456520555071,0.0002479616464967638,0.0064890095861027675,0.004002059820052306,0.002717142123554561
2019-11-14,0.001455729234580705,-0.0007937375971113214,0.01032945880015701,0.004203521155341949,0.0050584941459312915
2019-11-15,0.007236358961060452,0.007347412199768755,-0.0010879414224037598,-0.0025259154943226836,-0.0008089966142865723
2019-11-18,0.0007376490036925532,0.00078841756585879,0.0018152105467506008,0.0029664162029099383,0.00170874055430148
2019-11-19,-0.0002883996016453949,0.0014776561416716127,0.008332464294018571,0.0005050304911609071,0.001885856264701058
2019-11-20,-0.003719027700512023,-0.005999227191185175,0.010347610791918926,0.0005046655432805469,0.00367436210881511
2019-11-21,-0.0016085322428177617,-0.0022260214902855013,-0.006258506445917966,-0.005477043362080103,-0.0025001773790853665
2019-11-22,0.0022236791171028614,0.0006446143202036847,0.0012877056348079563,-0.0018840181654777854,-0.0001788351873525107
2019-11-25,0.007750315224317683,0.01184169309837313,0.0029311274733898607,-0.004791662812458131,0.000447329808489938
2019-11-26,0.0022657215307584355,0.0019095908676285411,0.005844121088742105,0.004814733391401704,0.0018795307588408416
2019-11-27,0.004457626294131822,0.00698905735531441,-0.0029049170142665393,-0.005299919828770094,-0.002590538647450069
2019-11-29,-0.0037090369408019352,-0.004562040489468178,-0.0021324995067509844,0.006203971517371398,-0.000806252158013776
2019-12-02,-0.008494521055380955,-0.010239120639042976,-0.01333248154256994,-0.0005078146228696401,-0.00359002438452094
2019-12-03,-0.006706647381952924,-0.00783224192457288,0.020967325735476106,0.00957984896245434,0.008917911257871003
2019-12-04,0.006169983721624472,0.005064095203002328,-0.009984736687166706,-0.0013658431498282386,-0.0038391733337395095
2019-12-05,0.001798266858860087,0.0019760704165967535,-0.0048649558023676764,0.0005758841931267078,-0.0023305855412110166
2019-12-06,0.009133987233669538,0.010698542642118447,-0.005534057997648167,-0.009928092682104261,-0.00305461489567338
2019-12-09,-0.0031442168604491894,-0.0045363669901755665,0.002167807371355801,-0.00029060665275248976,0.0008114036746702524
2019-12-10,-0.0011150631960481494,-0.0008332089176394941,7.288152094098166e-05,0.0028347098739491816,-0.0011703187210518884
2019-12-11,0.0028389097811898356,0.005296426133533316,0.007860316058930117,0.00688553265084435,0.004146280354268894
2019-12-12,0.008618984421294051,0.007464352717324374,-0.01645809542869925,-0.003527249493396556,-0.007899730641089397
2019-12-13,0.0005990921621346068,0.003292611512071275,0.01156813965255532,0.004478873140076667,0.005881613956821852
2019-12-16,0.006869863320193348,0.010039389336480964,-0.008990510095557958,-7.198680622300113e-05,-0.004677956929697191
2019-12-17,0.0002193643164141168,0.0005733991525320725,-0.0013788736342535968,-0.00021575647831872935,9.05608137484748e-05
2019-12-18,6.237530216668397e-05,0.0007640940724826795,-0.00821190699680241,7.200752478642158e-05,-0.002711846818915231
2019-12-19,0.00409931090671245,0.00625158480392396,0.0016001684488784473,0.002589559770448613,0.0007808700738047847
2019-12-20,0.004383699633122129,0.004031214319786924,0.001318999300322421,0.0010044438566789715,0.0
2019-12-23,0.0015279332058468764,0.0026410457938086385,-0.0014638291524994296,0.003081942822633188,-0.0009065443576952159
2019-12-24,3.1241357036693174e-05,0.0005196486923397803,0.0028578067089306547,0.009431992518777577,0.0017244962072373582
2019-12-26,0.0053232982403201845,0.00882375511768374,0.0024115942582518812,0.007857298625196796,0.0014493204585066533
2019-12-27,-0.0002479761003419956,-0.0008416501146593092,0.0010935234725166776,-0.0003511943393945671,0.0014478753851805415
2019-12-30,-0.005513067246987302,-0.006554254173098295,-0.003640326350275447,0.0021077991140190377,-0.0006324991190860274
2019-12-31,0.002429003114626571,0.0018849561289830952,-0.009794369068279463,0.0018929327941459295,-0.0036160093975827756
2020-01-02,0.009352313254838762,0.01669732518642264,0.011293251087789224,0.0073478173310379535,0.004627192846153871
2020-01-03,-0.007572474282752428,-0.009160015613046357,0.015400087709343424,0.013268521727000326,0.0066825156280831965
2020-01-06,0.0038151791434235527,0.006443195303275306,-0.00567850660495528,0.010489502076611812,-0.0010763047506361367
2020-01-07,-0.002811645763745263,-0.00013904965918498657,-0.004916022668866482,0.003935150508558971,-0.0014368890792868516
2020-01-08,0.005329547001504453,0.007516197566814764,-0.006610267332950337,-0.007501524641443713,-0.002338000633303139
2020-01-09,0.006780673735057974,0.008473646526448775,0.003510113040546381,-0.005651653463197515,0.0007210019172003701
2020-01-10,-0.0028780056458641567,-0.002557351495267479,0.00889061463633345,0.006026192495848015,0.002161772141599849
2020-01-13,0.006877069674614322,0.011536861733269399,-0.003033938325516017,-0.007419483430124996,-0.0011682888534434444
2020-01-14,-0.0015243836915199704,-0.003937728648672589,0.005144260200191653,-0.0008915435213457945,0.0019796289015112656
2020-01-15,0.0022600857479608827,0.00040908579551857116,0.006631394043175254,0.005834242779070742,0.002514741174421964
2020-01-16,0.008318098093976767,0.009583595686716073,-0.0031506692766305466,-0.0015695082440052577,-0.002060723591941871
2020-01-17,0.0031125838695760244,0.004948651245270774,-0.008548188371353072,0.0018454259925253513,-0.0008075250752356267
2020-01-21,-0.0019579705173016215,-0.0004476040058429831,0.0105063244661181,0.0010915790702048511,0.003952935695975546
2020-01-22,0.000120758044440894,0.0026424579665107473,0.0035131405509165603,0.0003406555206315609,0.0001791657715772832
2020-01-23,0.0011469616102639524,0.0032159353949654523,0.007002283348917171,0.002248122121045526,0.0025051292238567058
2020-01-24,-0.008893313325562091,-0.008415183691329431,0.008087990235079445,0.005845572586286041,0.0035703418816759314
2020-01-27,-0.016029346249069487,-0.02065550009772299,0.015554854740450264,0.006825312844883635,0.00675933942600615
2020-01-28,0.010479241805249506,0.015359848531647513,-0.007831909033324758,-0.008926785569624784,-0.0033566602401150503
2020-01-29,-0.0008263186600167005,0.0016256469716349198,0.009779481525150624,0.005417872354848807,0.004786211619824066
2020-01-30,0.0032454280598663843,0.003561514717447478,0.00013828928918457883,6.732120695107646e-05,0.0009697785484126253
2020-01-31,-0.01815761950663508,-0.015857966373873822,0.009130220610633843,0.005792420039608892,0.0050235683827069
2020-02-03,0.007428558194771284,0.015109362262272219,-0.0008103448308949268,-0.006495688802043542,-0.000851440473347842
2020-02-04,0.01524088145731417,0.022888757770465284,-0.01346725579335406,-0.01300895070524588,-0.0058003774940511565
2020-02-05,0.011548376798393711,0.0032970174795929896,-0.01093413019306777,0.0012293105482077404,-0.004331521663019089
2020-02-06,0.0033647735135353685,0.008632211718105243,0.004505775054130856,0.005388399719282511,0.0007107823784788803
2020-02-07,-0.005329807730572789,-0.004300857733941954,0.012478769599196138,0.002645857569860688,0.004790659794634333
2020-02-10,0.007465503417327879,0.012085483028933641,0.002769618296253773,0.0025712490701368385,0.0019422415806127358
2020-02-11,0.0017329068991756014,0.00017239790036716052,-0.0050403419715085995,-0.0034419552752806837,-0.002379526222264783
2020-02-12,0.006443010506394842,0.009740886143264849,-0.005066199014874151,-0.0008127480224853212,-0.002561326890099691
2020-02-13,-0.00106691091094957,-0.0012804593713117152,0.003836154082012877,0.00569345014846645,0.0008853577328336026
2020-02-14,0.001601876486729381,0.0028636412875695516,0.004377290271323053,0.004178427664004669,0.002477621203282654
2020-02-18,-0.0025767784334411736,0.00038343068730362084,0.006849071804965856,0.012818816524224008,0.0015887121666859905
2020-02-19,0.004781034939022266,0.009585672049453153,-6.837307859963726e-05,0.005831221275388376,-0.00017657850354235727
2020-02-20,-0.0041083326091795325,-0.009283634228637316,0.00783309425662071,0.004084659090851872,0.0029089028023896457
2020-02-21,-0.010298310134045918,-0.019209388478066636,0.009340302021521474,0.015025216397275942,0.0040424883723082505
2020-02-24,-0.03316529335102936,-0.038563350688466835,0.014928856365277188,0.008985128746405113,0.007789893797024883
2020-02-25,-0.030302295313302086,-0.027191715144886275,0.00532423794879322,-0.017874260693127697,0.002779363782911881
2020-02-26,-0.0036779257361944095,0.005153569739778652,-0.005296040568619431,0.004370503298157802,-0.0005202613048072013
2020-02-27,-0.044911650025579064,-0.05007373604786647,0.01084877742890722,0.00019483522153040944,0.004853203390377869
2020-02-28,-0.004201724754707592,0.0007780405418165159,0.022583725588062986,-0.03649347478693177,0.011210709070711422
2020-03-02,0.043306696792512867,0.051603428326462364,-0.007357475459633722,0.005526297603759334,-0.0006829311133158544
2020-03-03,-0.028632659006895156,-0.03206738971774348,0.015525270243098133,0.031434333360162325,0.011619760399001144
2020-03-04,0.04203317089137237,0.04172239509511133,-0.010618815540364146,0.0017545277375516921,-0.0021959110809787186
2020-03-05,-0.033241739261780534,-0.03038212212526603,0.024891461893524314,0.021600945458936538,0.00888768033301357
2020-03-06,-0.016531288938967048,-0.016871981748438736,0.05204495308417134,0.00038096105467699815,0.010151601901869478
2020-03-09,-0.07809421798535077,-0.06946479026493224,0.02710248194324527,0.0016502348575044845,0.00897057457379602
2020-03-10,0.05174487566483066,0.054450938988453323,-0.05125760932453072,-0.02110133630677158,-0.018357015168754542
2020-03-11,-0.04874849637215051,-0.04355524962039181,-0.03679763892016963,-0.0035603512879937016,-0.009979111226217419
2020-03-12,-0.09567710732508172,-0.09169138473240346,0.006196555643707358,-0.0398882588306293,0.0005082725275957767
2020-03-13,0.08548624329527277,0.08470558873314382,-0.022603011372007042,-0.03051623730778741,-0.006518933504853552
2020-03-16,-0.10942382043352294,-0.11978797369358785,0.06476533079868085,-0.011446115323986206,0.026416467389934306
2020-03-17,0.0539921335009923,0.07584195841553965,-0.06668302896581035,0.0135554799295321,-0.025072471935903007
2020-03-18,-0.05063285509324733,-0.030416169974726404,-0.056412688442669445,-0.019921988429849713,-0.013880670837965514
2020-03-19,0.0021248198084558023,0.0060023266139885845,0.02722511691975593,-0.018905499074657994,0.0032818327018462323
2020-03-20,-0.04309399019078919,-0.0391763739799158,0.07519600164364482,0.014995707221804766,0.02547769221857532
2020-03-23,-0.025568497515717215,0.0007225178572689561,0.04120900988340237,0.044179590424960224,0.011834769201209516
2020-03-24,0.09060349750904839,0.07743759548634066,-0.018613670717511188,0.048530353360380474,-0.006802140144627433
2020-03-25,0.014970200394473832,-0.007405257580448521,-0.0022718111863343493,-0.01368964099270864,0.0005847636588347527
2020-03-26,0.05838965397073581,0.0526603843191884,0.004922132067594287,0.012822223412266576,0.0024206940143398636
2020-03-27,-0.02978571007927433,-0.034393037189476394,0.02669317920971581,-0.006460489804721581,0.007410980634793507
2020-03-30,0.03247598261295814,0.03637372884133705,-0.008229631689308015,0.004400644787818209,0.002314440983575805
2020-03-31,-0.014905465011983199,-0.00853977189662658,-0.008116679704071816,-0.03184668568859872,0.0018143856087708965
2020-04-01,-0.04500489498834104,-0.04248945400050175,0.01401052625167587,0.009456223354449733,0.004071088359825392
2020-04-02,0.023075437708369062,0.020295042721131695,0.006346127813096514,0.0163934225377782,0.00016430620543772534
2020-04-03,-0.014454343769361166,-0.014192884144974216,0.002379657306799121,0.0049374590529023266,0.0007386300027498738
2020-04-06,0.06716623032821878,0.07149496458206217,-0.002611309536280526,0.027710521817620126,-0.004510109265571716
2020-04-07,0.0010194232120599445,-0.00040725675344643886,-0.01047269586594679,-0.005354484768834378,-0.004448868455579902
2020-04-08,0.03356869958572428,0.021232125427234072,-0.007276130742649545,-0.008907968786563414,-0.001241286232326999
2020-04-09,0.01521707736652056,0.0014457379828796135,0.001817199376799472,0.026123560972308058,0.0021546386038113763
2020-04-13,-0.009130122916964134,0.010803560643178667,-0.00912995673527539,0.017140343933811808,-0.002150006117631942
2020-04-14,0.02949308097551806,0.04349120993212274,-0.00024410488959214494,0.007868093580683189,0.0013255651564454407
2020-04-15,-0.021248586445348328,-0.011469920556275492,0.026489295660858003,-0.005101958505246418,0.008936165754491299
2020-04-16,0.004824954112482072,0.018240103243901018,0.011356359742643152,-0.0008649946516461338,0.0010661061680015127
2020-04-17,0.02701499109969019,0.009566179418877718,-0.013404237073822434,-0.019417471147623044,-0.0026213760296673883
2020-04-20,-0.01761804751863849,-0.011844216404683472,0.008044741233174113,0.007126124562213176,0.0026282657023790623
2020-04-21,-0.030362887931427718,-0.0368997289473213,0.012591735677349725,-0.006825274631933054,0.002785212031521489
2020-04-22,0.022194670448826725,0.029674584675470017,-0.010216424445612882,0.019670860003665247,-0.00310431143769363
2020-04-23,-7.191022304542383e-05,-0.0021332639988795865,0.0053081778927295264,0.00995486708021609,0.0006557060482297317
2020-04-24,0.013938315362455489,0.01577056951754008,0.0023473147109980275,-0.004285520778353313,0.00024563671242172624
2020-04-27,0.014418833628615957,0.008043450684353415,-0.018614253395510594,-0.006640444141094992,-0.005321508021377763
2020-04-28,-0.004598473413767845,-0.018834657524999243,0.011511160350895944,-0.004456556273727319,0.0043623431803598844
2020-04-29,0.026178474524117146,0.035460945173007685,-0.00518872694591499,0.005533445721913166,-0.0004922245377023682
2020-04-30,-0.009310416912992836,-0.00041087892411395543,-0.011676524307241198,-0.018116569301821484,-0.0023779496748561613
2020-05-01,-0.026473714668651005,-0.02818491790495814,0.008563160790852953,0.00617125761149806,0.0013824599416916161
2020-05-04,0.002758170531538928,0.011657042116918648,-0.00470347709267438,0.003504803873276119,0.0001645163209109679
2020-05-05,0.009239448711246157,0.011337301209926487,-0.006401292336377318,0.004241037483481591,-0.0007392436220799992
2020-05-06,-0.006778763078021499,0.006156436266351095,-0.0161360511353702,-0.012855591040204617,-0.003699616291291785
2020-05-07,0.012066526124908217,0.012876854480248667,0.0167067317382934,0.015350754880484763,0.0061063373671634835
2020-05-08,0.016546557403250617,0.013704648101641403,-0.01300092078686399,-0.006010293229887331,-0.0032806362119581767
2020-05-11,0.00020526236101003903,0.00893910188481395,-0.007806208845452356,-0.006233636774804485,-0.002797818731877011
2020-05-12,-0.019931801630628243,-0.020937220409050772,0.010264455401165495,0.0038890673962401756,0.003300446810589719
2020-05-13,-0.01768592228613841,-0.012515820840085734,0.006996298302055282,0.00962264814750724,0.0020565653602502287
2020-05-14,0.01196738960684729,0.011352288644235653,0.009786991836923775,0.008850059782004704,0.0015591015451856816
2020-05-15,0.0045972626715689024,0.006491477164356274,-0.0025718608337402804,0.0056438144895878395,-0.000655383870058257
2020-05-18,0.03045952227213289,0.018632189971969915,-0.021954640796479796,-0.007564144999551381,-0.006150377377922234
2020-05-19,-0.01027132773735806,-0.0025063803546070407,0.0037407702761436123,0.00965020617044443,0.002805363328266308
2020-05-20,0.01698797733473545,0.019968187664611392,0.002994366386902314,0.0023742810342795018,0.00024704582061496616
2020-05-21,-0.006903618806520684,-0.010890499283456867,0.0024977472795242317,-0.0145763375976391,0.0006583801678359258
2020-05-22,0.0018990619654539742,0.0034517062780818897,0.006015742327583062,0.005916836449104457,0.0018905836075331361
2020-05-26,0.012320561842015021,-0.002699744784585456,-0.013409645601022424,-0.014214859559966153,-0.0026257912557043905
2020-05-27,0.014878739013369335,0.005457543428003531,-0.0018366737368267216,0.0018024320171106112,0.000822489436785423
2020-05-28,-0.0018448330712985683,-0.001302428892863361,-0.003680675740969752,0.003350344766475555,-0.0009039579850887991
2020-05-29,0.004456179179328279,0.014652607151058206,0.007141667384493067,0.0073584122707384125,0.003208157050018867
2020-06-01,0.004041582213485828,0.002999630536287601,-0.006732464506021052,0.004603768848692402,-0.00039359419923079564
2020-06-02,0.008279843215778016,0.006707832837424155,-0.0036361813289625955,-0.0064768271714218395,-0.0016425596493203631
2020-06-03,0.013307960905955873,0.004498455294288828,-0.013296886194998803,-0.01845018380928054,-0.005922515955017249
2020-06-04,-0.002626337725312733,-0.007013468208544427,-0.014478795537805289,0.010526269495827023,-0.003971842698743955
2020-06-05,0.025629641441572426,0.01982724873327646,-0.0071238068790386855,-0.02027532426346157,-0.004984694493695763
2020-06-08,0.012087560392088914,0.007760119097110829,0.003843885012766002,0.010822142733466267,0.0010854401367716981
2020-06-09,-0.007456741853518856,0.007244877867222499,0.011358121110402575,0.00964183116931494,0.003586305664165401
2020-06-10,-0.005580172331298816,0.012001684018042136,0.014827528426036185,0.014324773012967418,0.00747960213456067
2020-06-11,-0.057648891384370016,-0.04954913546852158,0.018901487371143277,-0.007214084989501601,0.0035465905565992273
2020-06-12,0.011975585970235514,0.007947932438586491,-0.009641768602981715,0.0014163170663434865,-0.0022188498592012884
2020-06-15,0.00933560612284312,0.012167055361915757,0.0005547235083556146,-0.0017832572551969017,-0.000823776867063919
2020-06-16,0.01924768189870063,0.01717297503098636,-0.01533351578008424,-0.0004928345355281749,-0.002061583422566904
2020-06-17,-0.004153902398379983,0.0031706140913054792,0.004127252429759087,0.0019106166939522051,0.0015700579399877679
2020-06-18,0.00038510078570408446,0.002709237448570878,0.010588522634749076,-0.001968455156468263,0.0022269409885773417
2020-06-19,-0.00571499877622117,-0.00016388010063050906,0.0008009949561189611,0.011032995719469696,0.00032919776945083967
2020-06-22,0.0064154035989894,0.01199279586485602,0.0001230260201174893,0.006462217682632332,-0.0009048300344877136
2020-06-23,0.004603746375349216,0.00851091414560412,-0.0068346354838253465,0.008419646377624934,-0.00032931366957278385
2020-06-24,-0.025508617511476595,-0.020615709198201104,0.010725385035107005,-0.0034839130582626776,0.0018943619494526942
2020-06-25,0.010720206850864278,0.009519419987361166,0.0028830591119195503,-0.0006027175913517757,0.0001645470215037026
2020-06-26,-0.023751545243686722,-0.0236148902451343,0.010703143454721564,0.004463149702982783,0.002712847777713412
2020-06-29,0.014697798380497451,0.010906575751805425,-0.003146794092070415,0.0005404803669293301,0.000983567313264544
2020-06-30,0.012809358081979916,0.019601462248745483,-0.004856313708460291,0.004440918278166173,-0.00180143490849205
2020-07-01,0.007004928476384675,0.01167215227320173,-0.0019421242672378325,-0.004481089931769877,-0.0015605411425152482
2020-07-02,0.005506889763779554,0.006786525987533265,0.001040405333309069,0.0021606086958432247,0.001233827102317342
2020-07-06,0.015437177627397158,0.02458464917443237,-0.0040956268617450275,0.005988741319838731,-0.001478812115828343
2020-07-07,-0.010313541943570925,-0.006888788170787308,0.014055910049447284,0.006310260659329048,0.0032089486924775645
2020-07-08,0.007648433358569795,0.013171692251045863,-0.003995410639115571,0.006211565862881185,-0.0015587325520136641
2020-07-09,-0.005692836673207191,0.008423215296452513,0.015922908034361694,-0.0027044004055614135,0.003203972154670831
2020-07-10,0.010210714064184057,0.0068274492995583635,-0.0050246515426246585,-0.0025938951172596036,-0.0019648367535911593
2020-07-13,-0.008659081397415336,-0.02057045340964181,0.0033067727576145955,0.0012411575864292868,0.0010661124909185915
2020-07-14,0.012958941632795984,0.007078205807353299,0.0014374594227466453,0.004663568910189042,-8.211323510520785e-05
2020-07-15,0.009187447363582901,0.0020356448891232226,-0.004666948008289595,0.0008813320073604025,-0.00032767265670385903
2020-07-16,-0.0032934723538965427,-0.006822514169669502,0.004749591477265502,-0.009451688651900159,0.0007375601960923905
2020-07-17,0.002898715218083936,0.001157947006207527,-0.002094317730228723,0.008238009985450212,-0.00024552548689527054
2020-07-20,0.008081708837506474,0.028370881848410523,0.002458210259109972,0.004820170160796611,0.0006556047159220757
2020-07-21,0.002127608576564244,-0.010420940341414164,0.0005977664857719223,0.012050997596656066,0.0010648521503897612
2020-07-22,0.005692207443750208,0.00352302568366758,0.0029884853464852146,0.015202340363078104,0.00032720250428952546
2020-07-23,-0.011931622764116634,-0.02612017420919166,0.01168168261594138,0.008825301770064575,0.0009808470842920247
2020-07-24,-0.0064408700235392136,-0.009495711306289123,-5.888607822968073e-05,0.008578870839228259,-0.0004899064064425307
2020-07-27,0.007292641141180223,0.017843159860502,-0.003711786273697504,0.019753770786684832,-0.0015531431332534984
2020-07-28,-0.006342057735388429,-0.012724931004546858,0.006918811564293081,0.00834113103275036,0.0023745715450183003
2020-07-29,0.012298471201320327,0.011526169653924168,-0.0017031419365028944,0.0075102306547618625,0.0013065257399318408
2020-07-30,-0.0035680106626492236,0.0052353166393439565,0.0065886518597955135,-0.007400261112960993,0.0013865457227784095
2020-07-31,0.007902157629483986,0.017845610062158457,-0.0006425985039137938,0.00908793109962347,0.000244397224621995
2020-08-03,0.006952202943443897,0.013506738042327271,-0.00503465172743367,0.0011325390830079218,-0.0004889666776427548
2020-08-04,0.003862926724729876,0.0037121484765607615,0.009531871003680692,0.021277725496816835,0.003424514131601164
2020-08-05,0.006210928185916398,0.002478382478186214,-0.008742757746624585,0.009283241730161151,-0.0033314011696072843
2020-08-06,0.006684639213835997,0.013244274666863065,0.005586035812861656,0.013274069532868138,0.0011412169333395727
2020-08-07,0.0007175132249581662,-0.011542112249890324,-0.006665487457423014,-0.01588530528005727,-0.0021175698257775988
2020-08-10,0.002989133213922912,-0.0042731075731042845,-0.0044742381104037054,-0.003458957447482258,-0.0010608491816953558
2020-08-11,-0.008254918128457578,-0.018941169323653972,-0.011884703225177984,-0.05369440853432972,-0.003431009911993188
2020-08-12,0.01394268999006365,0.02515156852118916,-0.009096142736678914,-0.004668202325739945,-0.0029517030124988075
2020-08-13,-0.0018081146009536475,0.0022808948225918613,-0.010688552436505572,0.023618065792215592,-0.002055477894196689
2020-08-14,2.9686830566921785e-05,-0.0011742429598153858,-0.003907447480447579,-0.0043092158240957135,0.0004943248834934355
2020-08-17,0.0031768896955928216,0.01161049966780392,0.0025125978328475185,0.02169391289315903,0.0016469846087174833
2020-08-18,0.002160211544021795,0.00962519799919015,0.007152575197209909,0.009008003623491856,0.0017264388467643776
2020-08-19,-0.0041637637190639065,-0.006727038927054618,-0.00625177878352301,-0.03156545548841261,-0.0013127722948799159
2020-08-20,0.003113616513801487,0.013871623036625369,0.009038747799658964,0.006913929262821528,0.00287641087214352
2020-08-21,0.003547247448522306,0.006930149682073061,0.005992559077792947,-0.008010905834894388,0.0007371102302380361
2020-08-24,0.010133334690289875,0.006243637186982065,-0.0016244167380452534,-0.005658401286623649,-0.0013918147548628301
2020-08-25,0.0034994436424207187,0.007863060738394934,-0.007654011831703111,0.0012154763574758753,-0.0023778489417390913
2020-08-26,0.010025562282856004,0.02133858580859549,-0.003825642856902234,0.011808847672626355,-0.0004115191535472018
2020-08-27,0.0021865769389872725,-0.0031165762181027956,-0.0170092734814683,-0.011561927956646234,-0.0035357691966165783
2020-08-28,0.006459393960086546,0.005085070527184321,-0.00074447739854,0.0173802350530341,0.0016504564355546147
2020-08-31,-0.0036228292826036013,0.008033179844885163,0.006641481094352475,0.002386259791001155,0.001071121131107411
2020-09-01,0.009418777983053683,0.017092120579961012,0.011437947802171777,0.0011902895553947967,0.003277590126365526
2020-09-02,0.014464169239476243,0.009468938793620207,0.009520036249199615,-0.013131628719242117,0.001395552959238655
2020-09-03,-0.034414330510864066,-0.05070037199847088,0.0028411028963595264,-0.00810423703378893,0.001311820839571265
2020-09-04,-0.008164779893450436,-0.013325869214575459,-0.01898845301740948,0.0027602959130217375,-0.00556705615493347
2020-09-08,-0.027323119759060432,-0.04806405586079432,0.006144966971866506,-0.0019269219593246456,0.0021403558535726397
2020-09-09,0.019747845707686285,0.029376188816178983,-0.0026871820300468086,0.00970825655471863,-0.0004925061364972061
2020-09-10,-0.01736381365279005,-0.01993695124972439,0.005082565391459681,-0.0032231430104036063,0.001232386397369778
2020-09-11,0.0005090202345492401,-0.006939503512480849,0.0021325519865107445,-5.486005292487661e-05,0.00155986948614939
2020-09-14,0.013171308052459585,0.017414820690224486,-6.08613543537917e-05,0.007892586821005798,-0.0009014907240538772
2020-09-15,0.005052194956049805,0.014173453721060936,-0.0024319072155976063,-0.0023927480714920346,-0.000492112557803015
2020-09-16,-0.003968761639724816,-0.015945974725755097,-0.0029866190326578446,0.0028345831622316187,-0.0005747564164256813
2020-09-17,-0.008795205920063998,-0.015622261668254422,0.003056648945358953,-0.005489995652194879,0.00032832744113320267
2020-09-18,-0.011512580004938044,-0.012762646205311867,-0.0031082314722366,0.0013117087099276947,-0.0009024573246528833
2020-09-21,-0.011129500667017567,0.002397854805063604,0.005073836831233969,-0.020087296599797022,0.0018073530465061438
2020-09-22,0.010184507356675088,0.018579175368258705,-0.0007903471370896975,-0.004846314367596194,0.0
2020-09-23,-0.023191081516847345,-0.030534315315062677,0.0013390873990077878,-0.021606497297661065,0.0
2020-09-24,0.0026653917090011525,0.004655608741658712,0.003830552051998115,0.003718800733685912,0.0004923251827630981
2020-09-25,0.01616708441999326,0.023249360781797623,0.0,-0.0028499771605223767,0.0008195518600719875
2020-09-28,0.016609317032388438,0.02076899747936012,-0.002847158356097723,0.01006056066236427,-0.0001638933202413595
2020-09-29,-0.005445951917325775,-0.004509225046009924,0.0011536017861757397,0.008432402483858015,0.0007375675914411683
2020-09-30,0.007581701298410293,0.006848604147453141,-0.009584119703680893,-0.006004867330144381,-0.00270188455642717
2020-10-01,0.0064199334204975145,0.01587266768042661,0.001649200616238522,0.008920516455577454,0.0005668516542469693
2020-10-02,-0.009494399726686642,-0.02813092664390293,-0.0037337875756210392,-0.0008953758525005462,-0.0009849738856130275
2020-10-05,0.01773316725802987,0.021326337948508245,-0.01953938537026556,0.004872915921881216,-0.006327624631665585
2020-10-06,-0.014216157741931634,-0.017847457206816242,0.00538908218292522,-0.011760774579356315,0.0023155328148956045
2020-10-07,0.017406745871014095,0.017299328092517774,-0.007292525018099072,-0.0004512229536247636,-0.0028876003835882624
2020-10-08,0.00886261805924482,0.0053229090070574525,0.005399803864665431,0.0035549310375408982,0.0018205116698679635
2020-10-09,0.00893019303819731,0.01528011391352635,-0.00018793776045256116,0.018161347296547614,-0.0004958290292362832
2020-10-12,0.016087719525857747,0.030870561074030745,0.003186207224021187,-0.002871682500567352,0.0010744723084350483
2020-10-13,-0.006526192789135354,-3.409533914566776e-05,0.007160614951943867,-0.015728823528417535,0.0022287983163207237
2020-10-14,-0.006283476950488476,-0.008352570693949568,0.0022879633031582802,0.003094772946095059,0.00032945532212003137
2020-10-15,-0.0012355410927253896,-0.006710875302884611,-0.0017270209758789568,0.003646120384284801,-0.0010704323285717354
2020-10-16,-0.0006046329739781697,-0.005480757424151772,-0.0027810104208657593,-0.0034652086045857677,-0.0005770665958122478
2020-10-19,-0.015203285781699827,-0.016325248422339622,-0.003780050342748198,0.0005047466985432791,-0.0016493768488620164
2020-10-20,0.004005488608756824,0.002149548153138836,-0.009515188647276074,0.0048209014703402,-0.0021480127910940006
2020-10-21,-0.0018928051530399115,-0.00077378970307862,-0.0034539584968862336,0.007531414803434444,-0.0013247336349722083
2020-10-22,0.0054851885620457175,-3.511363148955837e-05,-0.010397207724656465,-0.009800687777642758,-0.003481464567399173
2020-10-23,0.0033953304556590957,0.001970321716610046,0.006113125062191527,-0.001062475196895396,0.0014144412436827292
2020-10-26,-0.018480220672148273,-0.014995837200664663,0.009302726934739214,-0.0005037860400700644,0.002658044708053753
2020-10-27,-0.003447065266106053,0.007807979571144985,0.006709150704494293,0.0026323226696718383,0.0022365530716315085
2020-10-28,-0.034178998674789685,-0.03898635020247121,0.0009344141478415668,-0.01614344386479838,-8.234955161590118e-05
2020-10-29,0.010163481964473808,0.017486290009729233,-0.009707526200251615,-0.004144728133141373,-0.004216718143683851
2020-10-30,-0.010424715690027897,-0.025362888045560306,-0.009865408567759304,0.004561020978312902,-0.003237588545428327
2020-11-02,0.011208276120075134,0.002227453205429608,0.007490108249259331,0.009704919089013941,0.0017169977268178815
2020-11-03,0.017655987224070024,0.01729764680933843,-0.005800912209483644,0.005676996717700833,-0.002246553467095902
2020-11-04,0.0223490774093118,0.04463856699613844,0.021691668657879193,-0.0005588578456844351,0.008422492054284358
2020-11-05,0.019502906558164224,0.026070806543357916,0.0017382532888594593,0.022983923404670703,-0.00016531373726880183
2020-11-06,-0.00022852996846023377,0.0007472361594507149,-0.012084523129640257,0.0014213621387162423,-0.0033909319395157844
2020-11-09,0.012565690217154035,-0.020433536420660925,-0.021015238403551795,-0.04427097823171633,-0.00738586103840122
2020-11-10,-0.0014668328542190023,-0.01791471402517364,-0.005767153807498926,0.0033127817282887495,-0.0028429899191615426
2020-11-11,0.007428864195375473,0.02236931769814987,0.0036091503078539144,-0.004326595410341194,0.0015932746934184117
2020-11-12,-0.009700934395633687,-0.004693356478433941,0.01701778177878377,0.006060679556170845,0.005692298240282501
2020-11-13,0.013844657007285655,0.008772570478012387,-0.001325765885246022,0.006819714153532219,-0.0013319495089912925
2020-11-16,0.012482406018594627,0.007802415512003558,-0.002402877766586875,-5.650127239831271e-05,-0.0007500627160783591
2020-11-17,-0.005378143284826997,-0.003172002882170233,0.006528277814684014,-0.0036691725592956637,0.0025857451563451317
2020-11-18,-0.012034863071032076,-0.007390316749933179,0.002896719418836291,-0.005722348480656891,-0.0003326354772746898
2020-11-19,0.004210042211867604,0.007824687976905942,0.005148465493211685,-0.0018804594035273237,0.001081833709251745
2020-11-20,-0.006847734007095263,-0.006840158190606349,0.008870038837935912,0.0030257979459697992,0.0017458831161649702
2020-11-23,0.005994388984470911,3.425635914933167e-05,-0.004581462286182503,-0.0196938167555728,-0.0019918069240280056
2020-11-24,0.01611367098916272,0.014050280957770722,-0.009952317971595348,-0.015328336846880064,-0.0015797869240298246
2020-11-25,-0.0015418140423777427,0.006146560441999904,-0.0030789079290737265,-0.0004717367343725076,0.0003327724661013054
2020-11-27,0.0027850250775427465,0.00921403772204532,0.009705457484671998,-0.010146901518740647,0.00299730109093721
2020-11-30,-0.004426832345109322,0.0020399942800739534,-0.0012487994856639206,-0.006674981596057172,-0.0006641505876410214
2020-12-01,0.01093712330727592,0.012816229393642686,-0.014744146505997868,0.0210595460814611,-0.005319628246783226
2020-12-02,0.0021036976207904345,0.0012850731094107282,-0.007936144245921373,0.00752153069206285,-0.0016709994397443584
2020-12-03,-0.0002724347784825998,0.001415310189162966,0.008063497420340626,0.007873502810363364,0.0026784774704442516
2020-12-04,0.008617511213024232,0.0040752269437602795,-0.014665296367358693,-0.002835427586930339,-0.003923372085869015
2020-12-07,-0.0020548944626637144,0.005662336932096945,0.009020373188341813,0.014914066598165077,0.0031006884718909333
2020-12-08,0.0029261119090782106,0.003385138894912876,0.004725351509082598,0.003487910186290799,0.001002536309512303
2020-12-09,-0.008968950175438861,-0.02264107573842089,-0.0033045114497652905,-0.017094017094017144,-0.0014188125110501382
2020-12-10,-0.00032704866540067545,0.0040158306545059475,0.008863201716120317,-0.001913054093070632,0.0022567984561887577
2020-12-11,-0.0011724731984537051,-0.0022146588578786375,0.003539457609019303,0.0018586706605219216,0.002001765804339417
2020-12-14,-0.004477339329857055,0.007255254933547173,-0.0027705312239367785,-0.005507636250083436,-0.000582598420144631
2020-12-15,0.013519649304663206,0.010689307441603013,-0.003347572756825623,0.013990959829817351,-0.000999577119135786
2020-12-16,0.001569224857710605,0.005499722275175145,-0.0026617808040484414,0.005519095329445722,-0.0008336656317996516
2020-12-17,0.005592107674240676,0.0065375682772486066,-0.002646422778352031,0.010520363984510617,-0.0007260461172166055
2020-12-18,-0.00399291195904683,-0.003022337373067452,-0.0029970168245838646,-0.0016974258370123785,-0.0008360103992481882
2020-12-21,-0.0035755418444330944,-0.0018709439752599977,0.003965718833158327,-0.003173869592184575,0.0006691740625002218
2020-12-22,-0.0016853634198663592,0.0027193314260938184,0.005160839867244915,-0.007903112071065643,0.0016711830857107923
2020-12-23,0.0008986972523388204,-0.005036200297287463,-0.006908901827373026,0.00664787877129025,-0.002085475019079963
2020-12-24,0.0038902306001415976,0.004412437177590656,0.003957347195612249,0.003985267471422693,0.001421050873979146
2020-12-28,0.008590880116533306,0.010078809592785731,0.0004445853376411346,-0.003629142996869339,8.344195923215558e-05
2020-12-29,-0.001907706118177921,0.000895611102351701,-0.0012708648648585008,0.003642361648136694,-0.00016686999450488127
2020-12-30,0.001426884139881679,3.2029433236102633e-05,0.002163792883510096,0.007655178894261816,0.0006679635864932365
2020-12-31,0.005080731668583249,0.0024600435546053845,0.0014597334853636568,0.003714145601823482,0.0006675921007801566
2021-01-04,-0.013613988991216353,-0.014119705888942624,-0.0012043321909201987,0.022258360658879317,0.0002499384075043132
2021-01-05,0.006887051480191753,0.008244012581405835,-0.0074271085961287175,0.0029616260665272787,-0.002333612492786852
2021-01-06,0.005978740343951072,-0.013852266813133673,-0.02052785992740569,-0.01624105266038789,-0.005847975434912445
2021-01-07,0.014857577615958961,0.024191753043943054,-0.00881432503446522,-0.00233462025122122,-0.0035295451502044273
2021-01-08,0.005697673903205525,0.012858309309359495,-0.0032275276444021506,-0.03420993723985433,-0.00286749310669121
2021-01-11,-0.006740953348340684,-0.014450048340395427,-0.0016518982791414727,-0.0019614419353504164,-0.0019445611528056128
2021-01-12,0.00021124702477104407,-0.00159042584494129,-0.0007942913293556009,0.006473960214956609,-0.00016994410433368579
2021-01-13,0.0026930046856836753,0.006753508923695195,0.011261608412339141,-0.004307374345463466,0.0034746590601801852
2021-01-14,-0.0035020265393370664,-0.005347653320141088,-0.009367900184974687,-0.0005190998467168306,-0.0022801751144361226
2021-01-15,-0.007292625749216186,-0.007921111572826933,0.0039675797027960424,-0.012407628760563338,0.002708871465351148
2021-01-19,0.007851947188189934,0.014589925012162164,0.003227981835348448,0.00847307255811236,0.0005909012648328549
2021-01-20,0.013838663838024345,0.02326093644274807,0.0009848414360607016,0.016282289539807593,0.0004220917875834562
2021-01-21,0.0009116439209133631,0.007999762444986347,-0.007018181765539255,-0.0006271772092728556,-0.0014341305471686772
2021-01-22,-0.0035394994435393734,-0.002880386127437573,0.003236237501380357,-0.007873145210082533,0.0015205435304823656
2021-01-25,0.003944040796422188,0.008266261616166615,0.011785440318860863,0.0008626173693986328,0.00404792475799165
2021-01-26,-0.0015612014273841401,0.0014626780756517022,-0.0018867819517888185,-0.0024705999829396363,-0.0003362167533760285
2021-01-27,-0.02444000665496726,-0.027876538221490832,0.0025426292262360484,-0.006335623059913753,0.0011763677232148328
2021-01-28,0.008599886973970072,0.005917034805814181,-0.0055273033390962345,0.0009273614616172043,-0.0026014168674366456
2021-01-29,-0.020019664125430214,-0.02103842966320779,-0.006016697586675668,-0.0004053281700162614,-0.001766812555503594
2021-02-01,0.016645794801400937,0.02498735610840508,0.0011594628693269993,0.009385291185094458,0.0012479322642540147
2021-02-02,0.014140127254664847,0.016314155799703967,-0.006447557326913378,-0.012167796413785958,-0.002526910307333319
2021-02-03,0.0007864973906903661,-0.003967351549943321,-0.00887309972935646,-0.0015106298641213156,-0.0024491715804881853
2021-02-04,0.011365395390992239,0.011826515973469842,-0.002672364142600192,-0.021530474690833024,-0.00033874503038788806
2021-02-05,0.003936001561603453,0.0033913807004761765,-0.008373315044024832,0.009872160109213546,-0.002117232365082322
2021-02-08,0.00722197327689722,0.006699810094834557,0.004390421010180834,0.010070118005137685,0.00042443566581606973
2021-02-09,-0.0006658564232322473,-0.0002098744363109306,0.0007403900046361045,0.0032649110578624185,0.0007636903130698869
2021-02-10,-0.00043556033076241896,-0.0022787640082315708,0.00665388817220447,0.0036611162023989507,0.0025428356613703684
2021-02-11,0.0016148685139407704,0.005499523644285631,-0.005475036287639012,-0.008685078696598514,-0.0007607952567124654
2021-02-12,0.004939759107264408,0.005589377516489469,-0.012419963724720096,-0.0030372306060941767,-0.003300219537064386
2021-02-16,-0.0008659021430721392,-0.002704999865087321,-0.015225901184528823,-0.014353488272303538,-0.007216191286643081
2021-02-17,0.0002297019870776129,-0.004797976381852531,0.006350206156132021,-0.011352850687983307,0.0006840215283887563
2021-02-18,-0.004256109866209834,-0.004371969816180932,-0.004046826219406552,-6.0088418961767864e-05,-8.536809182890792e-05
2021-02-19,-0.0017658647656727533,-0.004361586861785005,-0.013292026473217478,0.004148551901348441,-0.004016527028543049
2021-02-22,-0.007691945100110287,-0.025919826154939818,-0.007607626822685343,0.014969164015496528,-0.001630891382924493
2021-02-23,0.0012143751369524391,-0.0029772864959063394,-0.00288426738225922,-0.0023007456922117253,0.0007738862116133394
2021-02-24,0.011019172017593393,0.008242849206238745,-0.006559754201976076,-0.0007095264939214196,-0.001373840938898696
2021-02-25,-0.02409558304831938,-0.03486255198525212,-0.016330336835942982,-0.018816524708764826,-0.013330205476008605
2021-02-26,-0.005152561173899062,0.004187725369857009,0.033058611810943495,-0.024182906697045592,0.008977817139270039
2021-03-01,0.024240101708707273,0.030082175022140722,-0.013206914314548346,-0.0017304170540851649,-0.0011240199467543732
2021-03-02,-0.00780316465154407,-0.01603891445162209,7.056908733171774e-05,0.005447934683729505,0.0018173646062982218
2021-03-03,-0.01324575339857248,-0.029020153161891993,-0.010846126085768626,-0.011021541189334294,-0.00535542719830806
2021-03-04,-0.012374969906741362,-0.016366642315337354,-0.006449533108585093,-0.009836893780889033,-0.0049499015727629825
2021-03-05,0.01839686234557547,0.015060596266683657,0.0019478235550063339,0.0006288110395962221,-0.0013966974389890696
2021-03-08,-0.004978876789718645,-0.028313863505745385,-0.00777502485195658,-0.010368190918767173,-0.003932941969491011
2021-03-09,0.014277356633025429,0.039440704161141316,0.013857673664409154,0.02127113294736649,0.004738430982869746
2021-03-10,0.006224730938479528,-0.0028543225783882464,0.0020035948760968036,0.005098279923459348,0.002095743577925635
2021-03-11,0.010139310330012918,0.023031352871953237,-0.00721324837959747,-0.000866011298261804,-0.00034848249069519
2021-03-12,0.0013466101074792736,-0.008111976717241176,-0.02122138758836223,-0.00018572795011984056,-0.007235822823777549
2021-03-15,0.005963470357813305,0.010682495843192363,0.005879966287294147,0.004396503999798185,0.0012292413989858364
2021-03-16,-0.0012612752186473841,0.005488805425273524,-0.004018712069416175,0.0009248406787658592,-0.00017559117126342283
2021-03-17,0.003409868546047301,0.004117853662066739,-0.007483205695474671,0.00714498527693741,-0.0016662997458324336
2021-03-18,-0.014549392719232612,-0.030630583697603075,-0.010126685116304435,-0.005810023730399405,-0.006238648758902232
2021-03-19,-0.0018506382046494796,0.0035252400601908374,0.006197813761410043,0.004183119739068708,-0.0006184658110619523
2021-03-22,0.007985087173893568,0.01875291735591844,0.011205994759528437,-0.0014702614866924923,0.0032732628431166866
2021-03-23,-0.007870804111569152,-0.004362388188420718,0.009027248053823378,-0.007300628474884996,0.00493824872255666
2021-03-24,-0.005083357587575832,-0.01686554240303284,0.005381797964004065,0.0034608341081703298,0.0013162982782071175
2021-03-25,0.0056255088377064055,-0.0017314262340955011,-0.007885290148000212,-0.003633653726877295,-0.001314567914724396
2021-03-26,0.01611503385269475,0.015000002022422132,-0.003499795387005511,0.0028434090575977233,-0.0033347838169789368
2021-03-29,-0.0005053994559035546,-0.0002844342532962729,-0.008488315567130478,-0.011896005111092234,-0.003433371799915319
2021-03-30,-0.002652987816236685,-0.005033477122288854,0.005239833759677293,-0.017091823816998808,-0.0008836066573427726
2021-03-31,0.004053504731640123,0.01530312431610037,-0.005579614191135063,0.015167857324082767,-0.0014147847168599625
2021-04-01,0.01079915521835284,0.017046051487373814,0.01659711464670033,0.012628087827510459,0.004430019368963034
2021-04-05,0.014353082887926583,0.019965106603139438,-0.0043636425661566225,-0.0003704010382533651,-0.0028225726985794397
2021-04-06,-0.0005905997181316902,-0.000694687405407679,0.006792981629611505,0.00802867506459215,0.004865474086289678
2021-04-07,0.0011574767588871104,0.0024183933790473677,-0.006964568896515422,-0.002818323186048577,-0.0006164347442273455
2021-04-08,0.004746758890672442,0.010433441314479541,0.00825513114333054,0.01075202788807239,0.0034358797042235434
2021-04-09,0.0072699864738829945,0.00605813991616122,-0.00362255411873591,-0.00753747660190629,-0.0026339164741634447
2021-04-12,0.0003646426988379581,-0.0013051910387466004,-0.00043621767361856634,-0.006063609158189043,-0.0006160912473128777
2021-04-13,0.0029638658237014504,0.011673236528588093,0.007493460045200573,0.007086479573175097,0.0041396219129119505
2021-04-14,-0.0034154234471229783,-0.012008186807696775,-0.0031773605518222725,-0.004344315528953313,-0.0012280153632294732
2021-04-15,0.010742640828500294,0.015155458616437079,0.016734512964204917,0.016162763416190717,0.006410571071874038
2021-04-16,0.0033424543345181856,0.001171049539441249,-0.007766994981309283,0.006047777218550321,-0.002704656958876339
2021-04-19,-0.004913277237061364,-0.009151890565027965,-0.0028716624522897582,-0.0027652942409929215,-0.0010501726301571646
2021-04-20,-0.007321477877419991,-0.007288395997337105,0.004608697201289758,0.0035565515706876827,0.0029779545298096455
2021-04-21,0.009462120325420376,0.008560722754913597,0.0020067308302988973,0.009911155680072392,0.0005241165104084011
2021-04-22,-0.009133087567991804,-0.012054736000567168,0.0043646194201705235,-0.006483147356353358,0.0007854133437765753
2021-04-23,0.010842431622041016,0.012589716061503164,-0.0023507297997944487,-0.003831414124593202,-0.0013082278003957448
2021-04-26,0.002087480319055812,0.006510942746889459,-0.0014281526754869045,0.002644245538133694,-0.0010479998383268185
2021-04-27,-0.00021539064029763022,-0.004332362507412535,-0.008722998530826809,-0.002517371003141977,-0.003933869473933815
2021-04-28,-0.0002874853573207048,-0.0033806059138667965,0.0006498195995583433,0.002944390689552989,0.001316260330202379
2021-04-29,0.006373074002308021,0.0035989816536816654,-0.0029558719366519215,-0.004133978948338446,-0.0017527327597821607
2021-04-30,-0.006570694262654886,-0.006554669282303749,0.0023133121829495007,-0.0033690142851713345,0.0008782567907819061
2021-05-03,0.0021566866493658576,-0.005325837034677372,0.00059972672287123,0.012978352341882271,0.0017028915346559703
2021-05-04,-0.0061692752314852495,-0.017995770493409058,0.006786026282205038,-0.007329692780131181,0.001314225461691798
2021-05-05,0.00031289914889054415,-0.00336180963655186,0.0016494011892378424,0.004142168530566259,0.0012257011271235019
2021-05-06,0.007985437362927339,0.00753720090016996,0.001646226695292352,0.01667957921247054,0.000436731336908025
2021-05-07,0.007278254673322548,0.008114331688466647,-0.00493141326794122,0.00899681760120985,0.00034941907136443184
2021-05-10,-0.009902389696529457,-0.025254392624274202,-0.010126837130316813,0.0030305045955998366,-0.0020089240105730655
2021-05-11,-0.008924932363481686,-0.0013814945828886094,-0.005659547214980742,0.000174300035968189,-0.0016628120721090545
2021-05-12,-0.021245233055046775,-0.025882897388745385,-0.010508306252444255,-0.009933813872024522,-0.004821609268431448
2021-05-13,0.012012455957649326,0.00773127383269645,0.001549272854456385,0.004107329913244362,0.003346989210198714
2021-05-14,0.015355517776869387,0.022076860179885527,0.009350979521049796,0.009115862292308208,0.0021955090072174333
2021-05-17,-0.002544566371692536,-0.006066168314444176,-0.002115717698214503,0.011639321781340195,-0.0009635835395993553
2021-05-18,-0.008615727549755592,-0.006750765604012776,-0.002558744001668778,0.001946172546249958,0.0
2021-05-19,-0.0026217779045515366,0.0011482118544667852,-0.0024183281189683603,0.000685616890880425,-0.0029817535774764314
2021-05-20,0.010758066711635594,0.019343117659108566,0.008228240375443674,0.004567270124640199,0.0041338522618372675
2021-05-21,-0.0008189484878554643,-0.005534417322275331,0.0032062754304862384,0.0004545724551812125,0.000350353922125235
2021-05-24,0.010194277414522501,0.016819073869317025,0.003704997583408254,0.001761036294059215,0.0009631553176929764
2021-05-25,-0.002218594988034228,0.0013831794247587403,0.009263095672706667,0.009072814229376336,0.003674083770448311
2021-05-26,0.0019844348322060057,0.0034839479612691626,-0.001721168476396251,-0.0017420486873281904,-0.0011328965833795612
2021-05-27,0.0005251985186924824,-0.003741229799625101,-0.004022480204832868,0.00039409662496781017,-0.001744966245023405
2021-05-28,0.001788669452209124,0.003154256695513169,-0.0015860767807900356,0.003770176937892389,-8.746301966344738e-05
2021-06-01,-0.0008811276682844094,-0.003324031300084851,-0.00022475212833850122,-0.0026909461441234628,-0.00018419379333001196
2021-06-02,0.0015726388233090471,0.0019530366896960416,0.0023157118943473165,0.004890446350902078,0.0011375614983493154
2021-06-03,-0.0037113878893731966,-0.010405679021040504,-0.0037535959678864916,-0.019578228541437537,-0.002534156229830553
2021-06-04,0.009145723662128846,0.016969867302260466,0.013694103504746868,0.010783359066451448,0.005519703196512404
2021-06-07,-0.000969819346279599,0.0029794422145714705,-0.003073433819499982,0.0040076283608136976,-0.0007841562184788264
2021-06-08,0.0002131317801574717,0.0004755041475672517,0.007026577365844,-0.0030920774052216604,0.0028774183657327423
2021-06-09,-0.0014919933965001908,0.00023745210525594196,0.008829178933841941,-0.0019175027218333307,0.0031302344306156638
2021-06-10,0.004648407474743266,0.010420457755055068,0.005998931124866269,0.004294325821970535,0.003553766336666042
2021-06-11,0.0016524365124046536,0.0026151318938698598,-0.0016136842061411638,-0.011252390785353672,-0.001468416605920897
2021-06-14,0.0022391636699312656,0.009582442392652712,-0.007659253877371652,-0.005860923791407013,-0.00311406601700015
2021-06-15,-0.0018340646424770402,-0.006531076988028461,-0.001204141667713543,-0.0037777095572453234,0.00017360836621116427
2021-06-16,-0.005583557629299296,-0.003652086009458544,-0.0008506641968432094,-0.016891711518855712,-0.006853294238775787
2021-06-17,-0.00033173949518183754,0.012697875190952335,0.014972159066379387,-0.030740427140865334,0.00358123913327546
2021-06-18,-0.013490261452176577,-0.007847625305701711,0.018805897607765187,-0.005547261946798776,0.005657900895635004
2021-06-21,0.01431595625573534,0.0062151824773790665,-0.016743617363326968,0.012247646651096789,-0.0032026535788942656
2021-06-22,0.0053461362058027095,0.009321530809403455,0.0024427960786477243,-0.0041928539145718036,0.0018233435203889314
2021-06-23,-0.0012054717369407442,0.00048909484070081,-0.002575682700924342,-0.0006616578066259704,-0.0019934377410089077
2021-06-24,0.005915892502198705,0.006182858634150135,0.0016050795296118636,-0.0006019387497473438,-0.00017352755348154503
2021-06-25,0.003552207212600633,-0.0012289192359022927,-0.010383002573739364,0.0033124733437563947,-0.002084699385838995
2021-06-28,0.002015961498311958,0.01216132993844421,0.010280744241687678,-5.999463986816611e-05,0.003133349554542031
2021-06-29,0.0005380090037254703,0.003619027078426873,0.0016730128960296131,-0.010505462725200698,0.000520902223629216
2021-06-30,0.0008414785317358842,-0.001577282734972485,0.004453217001597176,0.004853503869870712,0.0015610451440442041
2021-07-01,0.005536777443508445,0.00039472181782485016,5.5186632076376085e-05,0.0034413575356286863,-0.0007193890234488132
2021-07-02,0.007643603407168298,0.011478600222531998,0.006034818818109411,0.006558341503640763,0.003641741600168169
2021-07-06,-0.001821557547928121,0.004321923503216585,0.01172089783829966,0.004961455343207799,0.005269932881105888
2021-07-07,0.003534082666928118,0.002110280949703336,0.008859457742069754,0.003806801143447114,0.002922078863914601
2021-07-08,-0.008147938585702064,-0.006039776205592151,0.003918037374750938,-0.0006518168637834609,0.002570510743914456
2021-07-09,0.01067471629914607,0.006243534299339659,-0.014063060654511461,0.003320562334123478,-0.005042505379176054
2021-07-12,0.003581835897395802,0.0039057610585344626,-0.0012965993407167975,-0.001241101031467462,-0.0005155965082281888
2021-07-13,-0.0034089364476259654,0.0,-0.007653284205079269,0.001301782371024407,-0.0030941824270531715
2021-07-14,0.0014921855825880126,0.0017933563128893493,0.011361701598314289,0.010755182911599048,0.004310869347291968
2021-07-15,-0.003415500484986178,-0.007023306627948478,0.011030618775794476,0.00017547964957964624,0.0042065044843708765
2021-07-16,-0.007843670793057256,-0.008099507234911485,-0.00188537173343295,-0.00970365108457183,-0.00017115461556693745
2021-07-19,-0.014767914398245985,-0.008193432397983313,0.021927690521538867,0.0011805498135817327,0.008550006170671365
2021-07-20,0.01433040719846268,0.011616423256997965,-0.009639339052205043,-0.001297100524211059,-0.0012716397895615739
2021-07-21,0.008096251989436087,0.007720414914128337,-0.01266707970399994,-0.0037192566567244567,-0.00577200152878532
2021-07-22,0.002094150209347223,0.006610124501998937,0.009453290422841265,0.001955450591350383,0.0023050501643224752
2021-07-23,0.010288083011854132,0.011677409594338828,-0.006688453557915253,-0.0031344183025339145,-0.0015332165262037512
2021-07-26,0.00245494511659361,0.0007878470850726238,-0.0029633082936075805,-0.0023730060647713103,-0.000682307554449535
2021-07-27,-0.004557709838201918,-0.01101793341212709,0.010671258024086638,0.0016650735799190741,0.00426847129959218
2021-07-28,-0.0004102355484238984,0.003841322440698791,6.676281324713429e-05,0.005046252863966982,0.0008496882399990913
2021-07-29,0.004147600699820009,0.0017768122350168003,-0.0055461866925782255,0.011105233370970247,-0.003057276633742556
2021-07-30,-0.004856443465781846,-0.005211753439272493,0.004703867891735047,-0.007886842666167015,0.0028115519345925932
2021-08-02,-0.0020981549553272805,8.254492293957583e-05,0.008919040941477663,-0.0012366429443513294,0.004386275037895571
2021-08-03,0.008135663560641104,0.006061419393299072,0.0005315596051955751,-0.0007074766626713469,0.00025364982259534763
2021-08-04,-0.004918831343489027,0.0014447586628083542,0.0020563190100459927,0.0002359625041987723,-0.0002535855006781107
2021-08-05,0.00633253878022888,0.006342870609497231,-0.005097492207807974,-0.0039520921003340925,-0.0036397547410578213
2021-08-06,0.0016526601055231183,-0.004382320224112668,-0.016701299225734823,-0.024991124040327772,-0.005860988607102047
2021-08-09,-0.0008135745482988899,0.0018476028794409682,-0.0035863730035110564,-0.017735654639032372,-0.002136379358471774
2021-08-10,0.0012438621278667572,-0.005125627026483115,-0.004617348077013639,0.00030919522248562537,-0.0018837195955563324
2021-08-11,0.0024848555430467822,-0.001717401957863962,-0.0006149418752164904,0.01378497662510525,0.001115488172870327
2021-08-12,0.002996932332069324,0.0036044624338884557,-0.0016381167853096734,0.0002438615008097944,-0.001028814958683455
2021-08-13,0.0018198048986182158,0.0035099790645285456,0.01579589118397151,0.014325811995228088,0.005747848126559818
2021-08-16,0.0023547837476978195,0.0004337171194124245,0.0024231185420924284,0.004988291568599701,0.0022178094696398976
2021-08-17,-0.0065552612064193605,-0.008808046409003678,-0.00040254029977315753,-0.0014950364679763295,-0.0005107102975439037
2021-08-18,-0.010944991675189475,-0.009624715953473362,0.003358812310743531,0.0007786122169375354,-0.0005110468432898418
2021-08-19,0.0015482596705671536,0.004831648469489025,0.0073653827802517835,-0.002932408589264246,0.002215088831187817
2021-08-20,0.007957196478910689,0.010358302755503868,0.0006646790900401989,0.0005401616803368814,-0.0009347856467392113
2021-08-23,0.008796429599769562,0.014956585241547415,-0.0006642375852063953,0.012177557387281546,0.00025498782161248457
2021-08-24,0.001587547282627888,0.0030542371210586783,-0.007776212350372291,-0.00047414113127741686,-0.002721995791961196
2021-08-25,0.0020982735277395026,0.001148728603711735,-0.008306639133733196,-0.006937433805443538,-0.003923700267188135
2021-08-26,-0.0059032015815954075,-0.006349771272988081,0.002769215200669528,0.0011344784228162208,0.0
2021-08-27,0.00894112538458236,0.009720071105007833,0.006803862757420731,0.015029547921398434,0.0032538840647020617
2021-08-30,0.004397466789267668,0.011222192982081935,0.0026091379211741206,-0.0049356385559711224,0.001963379595081527
2021-08-31,-0.0014815050724973355,-0.0008152061331154759,-0.006806519917442966,0.0020076547129428413,-0.0018739308325104176
2021-09-01,0.0005312712845586542,0.001657895374983287,0.0016748863964139993,5.8898619200498104e-05,0.00042661375878227936
2021-09-02,0.0030768247672656734,-0.0004729475880045353,0.004365516314802198,-0.0026517204262498373,0.0011952359589497696
2021-09-03,-0.00024275896100900418,0.0030757792551385776,-0.009094939665180157,0.01069422486613747,-0.0023873912340693915
2021-09-07,-0.00357551355156549,0.001415078984746243,-0.008435255006453812,-0.01958371853465668,-0.003931718389002303
2021-09-08,-0.0012183010967754537,-0.0034804825356195,0.006806118984718168,-0.0025044029033459703,0.0027456199483486543
2021-09-09,-0.00428032557275837,-0.0034403642260588674,0.012100533987140949,0.004423489287242344,0.0028241090844112193
2021-09-10,-0.007884289679406242,-0.007589378532777635,-0.008816966253135772,-0.005058656845151166,-0.003157322387747241
2021-09-13,0.0025589629582707385,-0.0006907183387221405,0.00606495955283104,0.0033497597913456634,0.001198585966232013
2021-09-14,-0.005396439364453887,-0.002843160897037067,0.012122934079827674,0.006438546534438316,0.0037617271922962825
2021-09-15,0.008352588602364541,0.007434948599086333,-0.00350728378415166,-0.005864266379652205,-0.0017031588988314361
2021-09-16,-0.0015852034812208204,0.0006876350295774714,-0.0045818506037110796,-0.02264197706190263,-0.00315743055469353
2021-09-17,-0.009741019314994936,-0.011842186525014897,-0.004803733695274981,-0.0015850424237688898,-0.0029102556519271516
2021-09-20,-0.016674128954393463,-0.020663409421337042,0.012401701880709215,0.0071441542310690664,0.00506501506398771
2021-09-21,-0.0009446376627472164,0.0012305761453239583,-0.0008603190436163866,0.006669036185550814,-0.0005978863267389611
2021-09-22,0.009754633767069087,0.009340866878084775,0.005964751313182637,-0.0037340107339023376,0.0009400110839277165
2021-09-23,0.012150204697974898,0.009226629958916321,-0.02259758859045813,-0.011546389089901132,-0.009050669981955917
2021-09-24,0.0016471837413474244,0.0009384144761908075,-0.009773477005402209,-0.00128427290155253,-0.0030153993189421247
2021-09-27,-0.002860943994648979,-0.007982043892911905,-0.0036753871595927023,0.00208203509820426,-0.0026790659876684275
2021-09-28,-0.02015173639268153,-0.02829747568329466,-0.015577336846129164,-0.009716428402719801,-0.0038128095025051767
2021-09-29,0.0016829603853196762,-0.0016394467131375379,0.0017348615846743964,-0.004504756024632184,0.001043507382411546
2021-09-30,-0.012222363332714758,-0.0036742016680871847,-0.00013814755167351755,0.01797665363761114,0.0012169399083599153
2021-10-01,0.011884253054869953,0.00620185580950694,0.008415552783534341,0.0022530453929923144,0.004081921763037899
2021-10-04,-0.012896113733520731,-0.020989498187024003,-0.0025460390064131477,0.0046783175745395145,-0.0012105195196752128
2021-10-05,0.010405227878547807,0.013498810806958694,-0.009655996087872376,-0.004656532835140448,-0.0031181383356821968
2021-10-06,0.004156054473951176,0.00640783206427975,0.005641291427284312,0.0026733243283083574,0.00026068329828676795
2021-10-07,0.008645556059643011,0.009175283796535538,-0.010457716300310449,-0.005271739220885419,-0.0039950756400474186
2021-10-08,-0.0018239298163766904,-0.00498684318357312,-0.006999072291006048,0.00042636491147840516,-0.0021803255878669603
2021-10-11,-0.007239673946779157,-0.007669694357644197,-0.0025370694535095106,-0.0018875818465466931,-0.002447012385894065
2021-10-12,-0.0024614982284688613,-0.0034878803694544658,0.017099957828470735,0.004514430828637339,0.004555710122858825
2021-10-13,0.0035977056011020636,0.008008092173095172,0.009726516589934286,0.017794197805277356,0.0019182140270126435
2021-10-14,0.01682067852390645,0.018416461108147875,0.003715130509242215,0.0024464685904206362,0.00235056595600569
2021-10-15,0.0076156173799859506,0.006300910297124096,-0.005826751891750415,-0.015892846243722114,-0.0049499847853244905
2021-10-18,0.002960552265646399,0.010055622208970938,0.004688734064991262,-0.0024799108302698825,-0.0013962851188065173
2021-10-19,0.0077149465972501385,0.00756740390792876,-0.013794141111200364,0.003213671993580469,-0.0035830173761352
2021-10-20,0.003927751158099069,-0.0013049673252043537,-0.0067503968635743705,0.008763958748792211,-0.000438418387977757
2021-10-21,0.0026080638663359412,0.006106991338635348,-0.0011913110394865534,-0.0008987052245035265,-0.0026322863509395944
2021-10-22,-0.0010359943661242266,-0.008402394432639348,0.011013148870379519,0.006116967151190034,0.0025514202901082417
2021-10-25,0.005362845171725583,0.010238001159031729,-0.001526213237359908,0.006914158513320778,0.0012284352898841444
2021-10-26,0.0008999624902223946,0.0031486361727797174,0.008269029676065243,-0.00739951491266011,0.0012269280881225253
2021-10-27,-0.004430288892619538,0.0023209243597221985,0.018194314783251064,0.002624060476058121,0.005602406525292869
2021-10-28,0.009649054207097274,0.011105515039834257,-0.0033845697628777094,-0.00023788536339730548,-0.002611743353735929
2021-10-29,0.0020290335255057634,0.00491909623225717,0.003056290904026593,-0.008507900517562339,0.0004365077707202403
2021-11-01,0.0017202021443556426,0.0034186453043434373,-0.007199962876701216,0.005220584505493342,-7.872581114654054e-05
2021-11-02,0.004043320726089927,0.0041813415073828075,0.004438564461840544,-0.0021490007233168074,0.0024447913052638715
2021-11-03,0.0061048394673470785,0.010615625373156412,-0.01033359649174781,-0.008315382622616663,-0.0031353505665102643
2021-11-04,0.004712649230498744,0.012818819789481406,0.010510278577259724,0.011340951773961994,0.005416646350760113
2021-11-05,0.003469777082965253,0.0009538694895461219,0.014955624970725223,0.0130629437586407,0.005474294386731415
2021-11-08,0.0008535809556109442,-0.001354617614851672,-0.0018749753748734665,0.003591619309376348,-0.004320926313507223
2021-11-09,-0.0033054402097668634,-0.006883358592278954,0.013018389197369196,0.0049281100201232775,0.004600104539791872
2021-11-10,-0.00804481516912181,-0.014696984396417201,-0.018283427401183605,0.010858781500706183,-0.008553354007274638
2021-11-11,0.0003234564858478617,0.002772863564467931,-0.001484247715927034,0.005602086369596027,-0.003224497068316179
2021-11-12,0.007546988215596295,0.01052254203745373,-0.004392311712301589,0.0018952552280546708,0.0020983777806466986
2021-11-15,0.00034250671763547125,-0.000228239097166405,-0.01255661642167516,-0.0015477459282561279,-0.0039260457533993876
2021-11-16,0.003957686946732153,0.007121045758376576,-0.002543769673717833,-0.007233864736584827,-0.0008762296350126597
2021-11-17,-0.00242927354229161,0.0005284388378676841,0.007924901858335609,0.009137183945092442,0.0035943486625371612
2021-11-18,0.003396538084899481,0.010361283853155268,0.00376104722669246,-0.0032091550635745536,0.0006116922595973406
2021-11-19,-0.0017883784160382943,0.005575669459140453,0.010557598585188677,-0.007646325240812324,0.0027061952336504547
2021-11-22,-0.002814995905511153,-0.01160911919712182,-0.011728087384294983,-0.022420457120115533,-0.007313321914807713
2021-11-23,0.0013258122789658877,-0.004557977932407642,-0.014459426770470296,-0.008652404091134991,-0.004122136182849179
2021-11-24,0.0026699965893288713,0.0032201768351152182,0.01605580046213495,-0.0009565020521100642,0.0030823403818107664
2021-11-26,-0.02230306614248556,-0.018958768329919495,0.02526859631240974,-0.001615539860939763,0.012906359866140749
2021-11-29,0.01226651015308633,0.02170255335067517,-0.008038238789201513,-0.0013785494630753625,-0.002253748146255341
2021-11-30,-0.01945767760760575,-0.014686397217616998,0.015202120224521831,-0.006721853018899604,0.005994250088077191
2021-12-01,-0.0111072920145604,-0.017012857088506972,0.006168616927086257,0.003987937535404162,0.0018841544143717304
2021-12-02,0.0153162338389905,0.007207218172007757,0.0012474787062646264,-0.005536820827328315,-0.002156403465363721
2021-12-03,-0.008701213812799757,-0.01738856184206017,0.011932342022903386,0.008412002804647267,0.005877998081656344
2021-12-06,0.011843272925414094,0.008012592164936994,-0.013735061461198628,-0.002460563224478851,-0.004984412016326378
2021-12-07,0.020684957411607696,0.030113803326984323,-0.008079981579254936,0.003549490636251651,-0.003800499393724399
2021-12-08,0.0026478831079661536,0.0044744691704881046,-0.017284927649969806,0.0005395140531609943,-0.0032079446514430288
2021-12-09,-0.006751428299014206,-0.0147143345382722,0.005593648877200819,-0.006111378376110088,0.0025226452936670807
2021-12-10,0.00941341211298763,0.010870381200883683,-0.002412900349238911,0.004219899491422874,0.0006938729901395657
2021-12-13,-0.008858384853369317,-0.014446838510107973,0.014779076427712923,0.00252130006200435,0.004768479257721614
2021-12-14,-0.0068800630066940816,-0.010350343463306766,-0.0023835704579393546,-0.009341302746070368,-0.0017253673996072694
2021-12-15,0.015625039609741487,0.022797623594203786,-0.009621077133228018,0.004291534360497673,-0.0014697359043190916
2021-12-16,-0.008818518604800762,-0.025714951144662268,0.0003886739983778309,0.012097561477355745,0.0029110027013552475
2021-12-17,-0.010642879652036585,-0.004988822244950564,0.011331839562230828,-0.002140821851282393,0.0022468620487212654
2021-12-20,-0.010633426112589217,-0.009700433128786656,-0.0074922687210795536,-0.0042312675861405635,-0.0008621817360178197
2021-12-21,0.017759110631640596,0.02238030750488118,-0.0038072942365943163,-0.0004188884251822289,-0.00396900059466343
2021-12-22,0.009998582334056705,0.012178632190122718,0.0046268180667627945,0.009400024100517657,0.0009530007689271258
2021-12-23,0.006222141145135307,0.007539152613770916,-0.00867682118973101,0.0022540179789249937,-0.00207675904062099
2021-12-27,0.014152233968346195,0.016527293313793656,0.002423800121982733,0.002367247994286892,0.00034693629332460674
2021-12-28,-0.0008172525028187216,-0.004635157454703331,-0.003963187071554519,-0.004310065233419702,-0.00017363796920388808
2021-12-29,0.0012791776389848852,-0.00014911635864256478,-0.010924082855125694,-0.0002965076609273698,-0.0051148904736861844
2021-12-30,-0.002764413050813319,-0.0029883187525419075,0.00838597737677449,0.0071772153754725565,0.0033111868235664588
2021-12-31,-0.002520379669829542,-0.006244670180191481,0.0019604322736324065,0.00683158799329231,-0.0011288661900274999
2022-01-03,0.005789888065267368,0.009626777753342974,-0.02624998953405744,-0.015383743445999576,-0.009304292109400425
2022-01-04,-0.00033473347850698776,-0.012970624440911238,-0.004157702349934955,0.007366515057776857,-0.0005269087517929538
2022-01-05,-0.01920201087083817,-0.030720975503072512,-0.005428304096456782,-0.00300766493835114,-0.0042151623133391825
2022-01-06,-0.0009396514806556677,-0.0007025318165851946,0.002589047991775173,-0.012244126909514819,-0.0024694219702590114
2022-01-07,-0.0039535694098133956,-0.010832935161766533,-0.007188039157451032,0.004551137683908024,-0.0032713154268949607
2022-01-10,-0.0012442355743386146,0.0006581184221707836,0.0024604918500863437,0.0030402057039400354,-0.0002662352933240353
2022-01-11,0.009108148524803017,0.01502211982570878,0.006661169566488656,0.0120646549718888,0.002395892638901387
2022-01-12,0.0027037256068052073,0.00396560593835904,-0.003831402880280277,0.002642622730480104,0.0001772957629131433
2022-01-13,-0.013778589136642316,-0.025016272494491454,0.008880640120942473,-0.0033969884760131075,0.0031853579189964343
2022-01-14,0.00040883520812373675,0.0062227159659475895,-0.01510927964269626,-0.0028796749096049457,-0.006880591694843341
2022-01-18,-0.01770951203234139,-0.024894029799859663,-0.014074610290979672,-0.001650255097062403,-0.007550413070446349
2022-01-19,-0.01038351873796306,-0.010983922102216104,0.006923439178219359,0.015880526897095182,0.0024168280378646934
2022-01-20,-0.01106811693673293,-0.012988337006997752,0.006166879252737845,-0.0024988838330701757,0.0021428488519319444
2022-01-21,-0.019630653154967703,-0.027728418422174772,0.0119065925308377,-0.0032624385581478954,0.0057911591355754855
2022-01-24,0.004246729450409825,0.004577552669329243,-0.008215094173061543,0.005494198734739664,-0.0008858538046668807
2022-01-25,-0.012208843701504102,-0.0231814423440293,-0.00161506117180088,0.0031971345443269072,-0.0013299588561130893
2022-01-26,-0.0025088279326753726,-0.0015643975478681904,-0.012093549344973642,-0.016166464916677392,-0.007102560011858494
2022-01-27,-0.004938145266549232,-0.010070713039076584,0.01836303509271886,-0.012898211138547944,0.004202793026795382
2022-01-28,0.024835424616214352,0.03136919485175271,0.00034908646950970734,-0.0029832934474428585,0.002315130152347633
2022-01-31,0.01801115544531484,0.03197836975810975,-0.0051699919760276325,0.005924537392067553,0.0
2022-02-01,0.0067569633080371005,0.006803213088769189,-0.003319703550148545,0.0008328835308379912,-0.001351805414810725
2022-02-02,0.00971410141529061,0.00812563236768149,0.003386791341464468,0.0036259919505645666,0.002048035132369508
2022-02-03,-0.023505087122916213,-0.040543918250509736,-0.00780509398135798,-0.0014214062993387344,-0.004264967148777665
2022-02-04,0.004702347839489196,0.012614992508483969,-0.014742686780324421,0.0015420788696549614,-0.007674674716661278
2022-02-07,-0.003209549402220291,-0.008044423126229105,0.0006478705695391884,0.007402581993851909,0.00026990171589003076
2022-02-08,0.008228252626387711,0.011235331743467025,-0.00668660037585711,0.003056870675416823,-0.003236675758928498
2022-02-09,0.014635774472523622,0.02119083430136426,0.0018819870043926823,0.0033991784238243117,0.0013528081607099285
2022-02-10,-0.017965391422436583,-0.0226326734742357,-0.015892752633536844,-0.0037965605384254753,-0.009187399846311672
2022-02-11,-0.01971881456852187,-0.031721718569512336,0.01482815732680498,0.019054878321533186,0.010363653975561382
2022-02-14,-0.0032695192313371146,0.0012390627269629473,-0.012441320082269614,0.005350715998122091,-0.006928222873310963
2022-02-15,0.01612697168470456,0.024863885764521587,-0.011352638668247428,-0.009499848975192515,-0.002989964873856499
2022-02-16,0.0011208372299882363,-0.0002524593202237746,0.00592659565579523,0.010284254451501385,0.0020900427779912967
2022-02-17,-0.021361395550894113,-0.029743975439179615,0.007438315989718447,0.013668073780773726,0.005350858919300094
2022-02-18,-0.00647504439420421,-0.011405318619527316,0.010527089697156766,-0.0007334549100845855,0.0032466810540325852
2022-02-22,-0.010731760133558699,-0.01004392131531362,0.0026046014866163425,0.0020890378623359407,-8.952742784362755e-05
2022-02-23,-0.017738507561739336,-0.025615051389795584,-0.013781923716220557,0.0045072272703239324,-0.005215538904063899
2022-02-24,0.015048908664193617,0.03360447535271516,0.0006589151390352654,-0.006450131470019049,0.002350508663268025
2022-02-25,0.022064204554771427,0.015507146364811542,0.0007305584368060281,-0.003330678220184624,-0.00027041719541032183
2022-02-28,-0.002558438159106946,0.0029788385695950215,0.021919122891481013,0.010365345791119474,0.011365376104704783
2022-03-01,-0.015230272561747138,-0.015311290526547783,0.011561646726728325,0.018163415997793697,0.009739569719636298
2022-03-02,0.01839610378513168,0.016779431341209072,-0.03418284673282512,-0.010406339832951472,-0.015029513520904203
2022-03-03,-0.004978319073675963,-0.014285205755100283,0.010185654904849573,0.005953415398956663,0.004308147171073973
2022-03-04,-0.0081247399360862,-0.014491955273743584,0.017264060364067246,0.015929145881701023,0.009920968489245174
2022-03-07,-0.029479126635346797,-0.03688086055155282,-0.0076301163407257455,0.014862865283030269,-0.004248073891691462
2022-03-08,-0.007581716654202708,-0.00464823884038823,-0.010059304584162154,0.027358997610294145,-0.0064878264996725
2022-03-09,0.026810870699886635,0.03599802083939685,-0.009799177535429249,-0.029711176156992036,-0.006172335511380411
2022-03-10,-0.004515689281628044,-0.011104705684703564,-0.014367166950742472,0.0031212277978962533,-0.004590546923180727
2022-03-11,-0.012715040287576307,-0.020738333302556478,0.0033466893254368024,-0.007027884128157469,-0.0002713056554737303
2022-03-14,-0.007308159459646024,-0.019204571839258056,-0.023349153126983935,-0.015073711931138378,-0.01266261000282154
2022-03-15,0.02199021388815736,0.03136661888319181,-0.00174547429766303,-0.01870545038411886,-0.00045809953949071947
2022-03-16,0.022174400962040375,0.03708679432006856,0.009807760990194758,0.006260803404375848,-0.0013746857667518153
2022-03-17,0.012510874932750049,0.01210617171217998,-0.0074537371539318276,0.004888644573449508,-0.0019277926765751685
2022-03-18,0.0109527900463251,0.020468259420604484,0.012212583581607372,-0.008789852082788041,0.0029429729489511836
2022-03-21,-0.000292548166721196,-0.0027802425793110874,-0.02315619374202693,0.007640798069546317,-0.013019224817644948
2022-03-22,0.011701412308080306,0.019652443640700623,-0.012812028237155326,-0.007250775291250955,-0.005480414702615621
2022-03-23,-0.012878220122786721,-0.014371207763747229,0.021915062148149644,0.013659661796972422,0.0067250365051974015
2022-03-24,0.015074312165213932,0.02222649682254718,-0.007832832356713393,0.007260367097212672,-0.005567169921901538
2022-03-25,0.004883379191911841,-0.0008339791669861318,-0.013872715684093873,-0.004095451209537915,-0.010262889990354962
2022-03-28,0.007113043481996595,0.015472314336631099,0.008549157780087357,-0.018203790082975457,0.0022620558029795568
2022-03-29,0.012370947263826704,0.017209851643207097,0.007552947897954354,0.00044678784846130526,0.004985067546199762
2022-03-30,-0.006174638551576961,-0.01104564598982305,0.007801404426889036,0.008038419372069505,0.003931062981438416
2022-03-31,-0.015391493721528149,-0.012394757566961179,0.0024289807274631148,0.000387595883929448,0.0018644363760367266
2022-04-01,0.00283421971328246,-0.0019033883492998172,0.0038062847840378833,-0.006365867342034592,-0.006511617592160235
2022-04-04,0.008566440222564253,0.02058893818642793,-0.006949332817044018,0.004846769455083555,-0.0006563556248700975
2022-04-05,-0.012631173067272794,-0.022204179286823278,-0.022592701413731375,-0.006264842571455875,-0.011915975643876808
2022-04-06,-0.009999552276015344,-0.021711609888289685,-0.008093903315756101,0.002343216670796844,-0.003513261744656271
2022-04-07,0.005038952339270875,0.0023779663602594425,-0.0075325274664157504,0.003784886240234764,-0.0024776415285925335
2022-04-08,-0.0026739431781477307,-0.013979383928128253,-0.010830680876099397,0.006265969312183373,-0.005063277065246674
2022-04-11,-0.017092100093604623,-0.02365729439600306,-0.015824836491825756,0.004959463770487282,-0.004800779137153377
2022-04-12,-0.0037053312296005947,-0.004224190265492811,-0.0013807147551558874,0.007676751619003053,0.004823937797088451
2022-04-13,0.011453672102416768,0.020327033534071726,0.0020331235673145542,0.004788537865617837,0.002208763074899478
2022-04-14,-0.012451878753066081,-0.022867106215283095,-0.020045461624756178,-0.003303550666205468,-0.009006066920529965
2022-04-18,0.000411213954087275,0.0007683234116633297,-0.004968967108039735,0.0030971927027434454,-0.002900136691626254
2022-04-19,0.016142579451231986,0.022350861352816942,-0.007490596504338254,-0.015112904376299419,-0.006592694691076151
2022-04-20,-0.0007414409095629626,-0.014584647464241263,0.020125879006054115,0.004894947496407287,0.00780800963824313
2022-04-21,-0.014953670749269565,-0.0206909591009945,-0.0073983813246971675,-0.0035576001936850066,-0.005520229641826302
2022-04-22,-0.027439051461077835,-0.026185955549821283,-0.006294184332308661,-0.0097220932450649,0.00048675739123793527
2022-04-25,0.0057976163757194055,0.01284599689761845,0.010001257400569008,-0.017970993150090764,0.0064241484473908095
2022-04-26,-0.02896085212366395,-0.03774499873229187,0.010066603682490793,0.001525017044941901,0.0066731571112534915
2022-04-27,0.0028117526352537947,-0.0011982876016701782,-0.012826025039536337,-0.00755702425744631,-0.005572356476645668
2022-04-28,0.02525944428787552,0.03551558559676904,0.0014896101557382302,0.005398323510093839,-0.0014489598155144057
2022-04-29,-0.03695561056535701,-0.04499854855408958,-0.012972747966587872,-0.00011297696546286318,-0.005320988469471266
2022-05-02,0.006019259837716229,0.016696094845789267,-0.017333778671944744,-0.018540493535693647,-0.007450211924095451
2022-05-03,0.004584112497427073,0.0010677135828063289,0.006741673171601237,0.00264926246698316,0.0011774616201689625
2022-05-04,0.03045284904217138,0.03381198329645407,0.0055095169934646915,0.009822544372671826,0.006467947914649219
2022-05-05,-0.035542823920009736,-0.05036417665276882,-0.02739808474721117,-0.003811138551277793,-0.010029351459568181
2022-05-06,-0.005968964018981837,-0.011980710740386646,-0.014735250020815882,0.0016558743678838361,-0.005704727431224299
2022-05-09,-0.03201688781398504,-0.03912686802383314,0.00879740311273225,-0.014479496708730832,0.007419057717033661
2022-05-10,0.00231031691637984,0.012148964311863741,0.009069275557118894,-0.008445202872691127,0.0033389501348741746
2022-05-11,-0.01588608695503857,-0.02965833662876194,0.019272552562833223,0.008167128516088473,0.006165533858164096
2022-05-12,-0.0010439213677722048,-0.0023646027397613567,-0.0018649369187816456,-0.015333925720196762,0.003306932523277961
2022-05-13,0.023907888227555407,0.037060142249029315,-0.014781109204952347,-0.00810956630229509,-0.005234925789744604
2022-05-16,-0.0040575948019409,-0.011591900435984348,-0.0010347394560205059,0.009538483763206873,0.004190514346027463
2022-05-17,0.020570252869156702,0.02590154902213171,-0.01208386885215329,-0.006279296383541522,-0.007569925726337634
2022-05-18,-0.040311451028862466,-0.049090440768409516,0.021317749429726307,0.0005314848929158789,0.007138681590326046
2022-05-19,-0.0061245616494841615,-0.005358089511992903,0.0023953655456590006,0.014697234801531733,0.0035928237925877404
2022-05-20,0.0004367759707966101,-0.0031078743130790176,0.011349779037105767,0.0006980112537449124,0.004643632061364977
2022-05-23,0.018709775691833297,0.016627149022869103,-0.016454152038449354,0.004650369455528214,-0.006066887571166357
2022-05-24,-0.007633847736096211,-0.02126189920529975,0.019732303320364464,0.007521859850632806,0.00862310012992662
2022-05-25,0.008835018942998873,0.013995195713272457,0.003954367566293415,-0.006029994959596108,0.002017555072468813
2022-05-26,0.019981326899493723,0.027707122747768986,-0.004525306779072702,-0.0018488983177334939,-0.0004792904643740048
2022-05-27,0.02454922721008712,0.03263982578973823,0.0024413035948824824,0.00052102106703944,0.0014388142832346684
2022-05-31,-0.005611073058692462,-0.0026532289111634855,-0.02116233387329758,-0.009893009276743081,-0.010439822236077423
2022-06-01,-0.008088377857966567,-0.0073958526756798815,-0.0011428997785722927,0.006369033199590923,-0.005630499033640435
2022-06-02,0.019043317021395945,0.02738574749288225,0.0005161576681891322,0.012309182073779512,0.0014619260204573603
2022-06-03,-0.01641168077594546,-0.026019314213661104,-0.0021495860889404472,-0.010152017266979896,-0.0019464748100943563
2022-06-06,0.0030447697371174254,0.0033307820292689527,-0.018443791579508817,-0.0044037229040009285,-0.007507698471866053
2022-06-07,0.009592483378355166,0.008626021905838721,0.010799560950474296,0.006518420844169315,0.004027948771300638
2022-06-08,-0.010872064370704648,-0.007196828444985148,-0.008860479148169897,-0.0009251975242893229,-0.0037184895085443648
2022-06-09,-0.02378289849390347,-0.026784506681919118,0.003330683982306182,-0.0031832564859568535,-0.000883875118604438
2022-06-10,-0.02899592665656403,-0.0352705063529315,-0.006202075318574196,0.013412283666592417,-0.00982944586853396
2022-06-13,-0.037968035390576915,-0.04649620174623126,-0.03137903133882425,-0.026412288230091452,-0.017770722861352062
2022-06-14,-0.003013171865583808,0.0018155704018452123,-0.012613365381878738,-0.008003209616781914,-0.00798427644972699
2022-06-15,0.014256033979912486,0.024971627409115182,0.018656355535791924,0.013050939388113303,0.013957556403796145
2022-06-16,-0.0330958498400431,-0.0403464017855214,0.007939224771406073,0.011243181594596585,0.006531888594034196
2022-06-17,0.0021554869750044503,0.012159638023217179,0.0032226552130563135,-0.008222816311715064,0.0002991560497880297
2022-06-21,0.02517365284462869,0.025229565779770757,-0.016952191353258206,-0.0037367862070599722,-0.005189467940624137
2022-06-22,-0.0018128707455340454,-0.0014586764883400827,0.027500063621491933,0.003985188163408093,0.012640350170515458
2022-06-23,0.009802609057937284,0.014892747483224333,0.00821502689614384,-0.006129257292171064,0.005647404212143936
2022-06-24,0.031793943516437384,0.0342639715116273,-0.013842367848247106,-0.0009984622015154487,-0.00354672886547569
2022-06-27,-0.0038197395987862315,-0.007331855491339301,-0.008529132273008222,-0.0011170700540719114,-0.005635156629615445
2022-06-28,-0.020432866103627823,-0.03046684454907478,0.004659683047495866,-0.0016480211262837052,0.0012928366930560209
2022-06-29,-0.0008145500151683915,0.0009169567403544132,0.015608202582327646,-0.0007663579045243951,0.00804219839769127
2022-06-30,-0.008124307625989258,-0.01240305652849949,0.008782061025987664,-0.006077047294322124,0.007683465880426343
2022-07-01,0.010576536204069953,0.0066004649044451025,0.010266176889839995,-0.0008310541616338707,0.010720177362469219
2022-07-05,0.001888758546968905,0.017119751359475854,0.007857526354831945,-0.02120964335120412,0.0036805575168030735
2022-07-06,0.003377234252248007,0.00641205312112314,-0.016791037608488102,-0.015842188833696924,-0.008492542010334447
2022-07-07,0.014977177301750189,0.021399325251963974,-0.008799992247597976,0.000555053276362516,-0.006131748348801147
2022-07-08,-0.0008225575582867517,0.0012538195273776864,-0.011076026837852804,0.0004315313201161963,-0.006072046105544349
2022-07-11,-0.011423648010942311,-0.021364156718481797,0.01724435254330592,-0.005360507452973451,0.00788263429549052
2022-07-12,-0.008848763637567036,-0.00968740303292459,0.005941732275318579,-0.0037167247224720867,0.00234636398579835
2022-07-13,-0.0052519445211876015,-0.0020612262980006513,0.011466488571064914,0.004787690503602615,0.004291240760371684
2022-07-14,-0.0024284690004504617,0.003570997705164114,-0.008158769677960476,-0.014047055610919013,-0.005535355751150273
2022-07-15,0.019105256375186785,0.018139222896461416,0.005628399072156398,-0.0020084561635671516,0.0034176078546059863
2022-07-18,-0.008256981679374054,-0.008462794177079846,-0.010418432437771519,0.0009433945063559435,-0.002919547317171256
2022-07-19,0.027019426724628204,0.030753253231079247,-0.005394699105461864,0.0023874693093759447,-0.004587590472192593
2022-07-20,0.006372814721130382,0.015856690141324847,0.0026242966906839804,-0.009402031234323593,-0.0009807886336337113
2022-07-21,0.01018342360257618,0.014355129076349948,0.017275759000058954,0.014110421925231709,0.011386214360432634
2022-07-22,-0.00927826140863186,-0.017535635043760545,0.0168113617202994,0.00249575020790771,0.011452014411244216
2022-07-25,0.0012149499042490852,-0.005695491820594034,-0.009784923401039425,-0.0027385476219622396,-0.003550642795610459
2022-07-26,-0.011830917886220704,-0.019649060319612666,0.0007670300107462946,-0.0011858106875901608,0.0003854541868926198
2022-07-27,0.025966261553872272,0.04225993401227579,-0.005618488792034082,0.010184984698782484,0.002021544487377458
2022-07-28,0.012542395933048622,0.009778036442508409,0.007961093906051042,0.012185323455280006,0.009894138288298882
2022-07-29,0.014578678983015791,0.018236897677329944,-0.0027174919003111198,0.0028110896821249565,0.00038059395211487157
2022-08-01,-0.0029612322285722525,-0.000602219976137186,0.024083517062989612,0.0056672312077465925,0.005848027931447897
2022-08-02,-0.006597135822427824,-0.00298166928050414,-0.021159803883107342,-0.005938288400823777,-0.013825416959622028
2022-08-03,0.015659236883882377,0.027232739736126055,0.015744639316658482,0.002438243761313297,0.00412902999868936
2022-08-04,-0.0006755432925520388,0.0046763901231852145,-0.00033493740721235454,0.016539989487255546,0.005068131628228167
2022-08-05,-0.0016901947121451544,-0.008168943400995388,-0.023803381322345163,-0.011246066300201418,-0.014462077627397152
2022-08-08,-0.0011607856312051412,-0.003232441905851924,0.016141151499968753,0.008470017618367853,0.0058890677678258285
2022-08-09,-0.003970919673530138,-0.01131844800643711,-0.0038867842828671506,0.0030595386607856767,-0.002975466745738675
2022-08-10,0.02100393810599477,0.02791099465544633,-0.006531172239134686,-0.0025119508170524663,0.0005777624743019683
2022-08-11,0.0,-0.005676094105781293,-0.023309531513809323,-0.0026382206776995876,-0.006638238880783298
2022-08-12,0.01692900086158855,0.019470198995013677,0.01014068968367221,0.00919802099904432,0.003970773274662331
2022-08-15,0.004120687299599135,0.008081702200480656,-0.0008655389736990093,-0.012867030834262327,0.003183253005649256
2022-08-16,0.001958608829332853,-0.002342052967540864,0.004157581271474031,-0.001750096754401964,-0.0011536282256845443
2022-08-17,-0.007097851446770886,-0.01140610158108657,-0.010437373941518002,-0.006468335614034371,-0.0067391834063792455
2022-08-18,0.002906306488401178,0.002405195183516895,0.001481851571509596,-0.0026164156896926194,0.0019382781207317734
2022-08-19,-0.01343797697803617,-0.019497303318926296,-0.01610223953876533,-0.007320625681104476,-0.008609542186756691
2022-08-22,-0.020822432290186987,-0.026327180574083786,-0.003361383273251195,-0.006637179344595956,-0.0043915584895536375
2022-08-23,-0.002419219773514336,-0.0008269583857788421,-0.005503348760542592,0.0069908740848763085,-0.002449962567032893
2022-08-24,0.0032009671543373752,0.0028972974221510572,-0.007318872664592746,0.0029489200401788818,-0.0033406766661866483
2022-08-25,0.014117741049084476,0.017681811769720834,0.013936346553360623,0.003062787136294043,0.006407659253779396
2022-08-26,-0.033849195664048426,-0.04098824326777517,0.007537693229604292,-0.012152705301765265,-0.0011753560460634471
2022-08-29,-0.006612111590103109,-0.009855545844990043,-0.00827336882349794,0.0006182375550920494,-0.005688102657528726
2022-08-30,-0.010977868955416747,-0.011136366531461217,0.0024850141158589967,-0.008340578885610683,-0.0002958028591970585
2022-08-31,-0.007609053057346715,-0.00581367867317395,-0.009560898208148982,-0.007725314789180926,-0.004143676274988239
2022-09-01,0.0031377491476543007,0.00043438021717334685,-0.018308422469703323,-0.008790162100319021,-0.007949499930778758
2022-09-02,-0.010544363180384764,-0.014127678028483914,0.005656970036269193,0.008804709144487166,0.005602385583890257
2022-09-06,-0.003773033462129094,-0.007183075403009775,-0.024768389578876615,-0.0058394619355668365,-0.01114208625968971
2022-09-07,0.017964738538835734,0.020201569642006145,0.01581561640643092,0.010168638866495439,0.006539365791746077
2022-09-08,0.006536549602742525,0.00518453063084201,-0.010257726104770715,-0.006002292729855863,-0.0036982955004669638
2022-09-09,0.015535283473943506,0.021862177976322394,0.002220817952780063,0.005283756568463582,0.0001002608978195596
2022-09-12,0.01074748948091453,0.011885510666776344,-0.008217229158906103,0.005068186218703863,-0.0024075126685203507
2022-09-13,-0.043482443542881666,-0.054836495671618635,0.0023272393628310795,-0.01301133993119441,-0.005630851812742033
2022-09-14,0.0038159280637051207,0.00793326635323166,0.003436287253135939,-0.003847613448870524,0.000505574729086522
2022-09-15,-0.011353311342261585,-0.01665382821175465,-0.0006477256461400183,-0.018679143196684067,-0.00343631243784126
2022-09-16,-0.007628933493033285,-0.0061148166645378366,-0.0083356157299187,0.005549107201315628,0.0008114939423304879
2022-09-19,0.007754773685022309,0.007787366323021017,0.00233493028335241,0.0007700871329356929,-0.0028376154452409708
2022-09-20,-0.01147845649971313,-0.007971083118552102,-0.0099702018606459,-0.005706587274526553,-0.006199384206004632
2022-09-21,-0.01744384698714574,-0.017906145474147483,0.016752926662410905,0.004642973675810236,0.003988343266530636
2022-09-22,-0.008399775628965434,-0.01230751210688208,-0.025548533629684345,-0.0005776772692025478,-0.015074765477947394
2022-09-23,-0.016754788131422393,-0.016281837785049436,0.004084601639951169,-0.01727683040546535,0.0012413845406040735
2022-09-26,-0.009892752803825955,-0.004137774287585105,-0.019110378244302728,-0.011633219026207842,-0.016628679810938296
2022-09-27,-0.002552776857269956,0.00040093379802508267,-0.026331519901008793,0.002049841746687875,-0.006827148845466757
2022-09-28,0.019676278306188566,0.019892061928771687,0.033482230961656034,0.02078665233491006,0.02252539025318212
2022-09-29,-0.020888825814519563,-0.028827433263201807,-0.005175710051312676,-0.00019392836526865853,-0.004654336500455547
2022-09-30,-0.015463582774395523,-0.016956748081439432,-0.012910831765208242,6.462244018679009e-05,-0.0025975709992283047
2022-10-03,0.026401266969970916,0.023460497557088678,0.015889321603953954,0.024309785681440932,0.011868299699388185
2022-10-04,0.03098664627484715,0.0314407651725126,-0.0027928865516022583,0.014328122056449066,0.00206292386300877
2022-10-05,-0.0023282826689421388,-0.0005317504003894413,-0.009561283147371147,-0.005538266375543777,-0.009470759252222627
2022-10-06,-0.010315607011701089,-0.00787289739738739,-0.005558237251461984,-0.00112629171222689,-0.005508073209199993
2022-10-07,-0.027894023810364543,-0.038104133706294396,-0.00970789019748497,-0.010962851258976669,-0.004911691598598611
2022-10-10,-0.007635397604419558,-0.009995991024349005,-0.01554617417508053,-0.015201476317757034,-0.005881093040332019
2022-10-11,-0.006332909972757483,-0.01373861618347405,0.004425806930504095,-0.002058091550185215,0.002535115618803596
2022-10-12,-0.0032984064575486416,-0.0003423928436331325,0.00490665485201891,0.00534932850905423,0.003266838437605335
2022-10-13,0.026391191223387178,0.02345231657822655,-0.009566444915093952,-0.006923532232980256,-0.004201457882675896
2022-10-14,-0.02278900738557943,-0.030057296561904367,-0.008250506930228552,-0.012458897998479546,-0.005590081051568996
2022-10-17,0.02569703654258837,0.033021575171660045,-0.004869237847769936,0.0028762090057179446,0.0010607488553409095
2022-10-18,0.011749572724090385,0.007907827235403397,0.00234417450057145,0.0021509701146735782,0.0025429145754498617
2022-10-19,-0.007086386132740041,-0.0036465867148064435,-0.018205339513763463,-0.013398358104674823,-0.01046266247177996
2022-10-20,-0.008385404114531592,-0.005102140911920405,-0.017092854665077484,-0.0015822103586343728,-0.007476507356216411
2022-10-21,0.024301522437299994,0.023447695881266384,-0.018022955215311276,0.017827646105301076,0.0022597445904950497
2022-10-24,0.012236256120747191,0.011001780889905444,-0.008264742678141701,-0.003243594030472474,-0.001288384629746675
2022-10-25,0.015968699895794636,0.0206856649978302,0.029112584866491042,0.002277944142005106,0.012470232399956371
2022-10-26,-0.007534025405290801,-0.02209648262157149,0.014407280320398064,0.006363608620383543,0.00509700161646176
2022-10-27,-0.005339951922174846,-0.01820571065954213,0.010470869909261049,-0.001548523944967184,0.007077655274101646
2022-10-28,0.023790616118667174,0.030600370877533756,-0.006874350483242808,-0.010210687443231947,-0.005139779500179409
2022-10-31,-0.007223193736808686,-0.011627807592052397,-0.007127995752076899,-0.008161399648159207,-0.004534010512435627
2022-11-01,-0.004375951673780687,-0.010217800272613986,0.009345642723213698,0.010203429757038585,-0.0001806803238664223
2022-11-02,-0.025096020326517587,-0.034277161516845345,-0.004340144828296477,-0.006972548399621914,-0.0016984983982427648
2022-11-03,-0.010296954453562268,-0.019534619223495864,-0.005397085529521228,-0.003806036048150885,-0.004360154852650067
2022-11-04,0.014393073969914072,0.01608516119074377,-0.016800340530642943,0.030696289684813083,-0.0021364211347897344
2022-11-07,0.009565621394305612,0.010994258563034487,-0.009976796173397418,-0.003962389674382338,-0.00353256278403824
2022-11-08,0.005395522325559732,0.007287323575295046,0.010935350376327424,0.023099074133724695,0.006660436278237425
2022-11-09,-0.020602383250455047,-0.023076401036184913,0.003287074435868398,-0.0050172660211307285,0.003414674796286654
2022-11-10,0.05495444954569817,0.07378857406437289,0.03847393578352021,0.030444387121793204,0.022439768067679555
2022-11-11,0.009678324876556399,0.01842627282860021,-0.0036640322253851387,0.006606324071935177,-0.0020800592080308933
2022-11-14,-0.008506618544118716,-0.008751262894532541,-0.0024520041775895063,0.002187655661719301,-0.0023978035592506775
2022-11-15,0.008529003541725588,0.01383830533115793,0.01618010448704288,0.0035168677995043307,0.00741832061569192
2022-11-16,-0.0076287389524076765,-0.013649420482921948,0.021868240065822775,-0.0022961020109516506,0.007363603979043454
2022-11-17,-0.0030597867455841588,-0.0022073222864420483,-0.010552077438601648,-0.007267423593311895,-0.006795175209351689
2022-11-18,0.0045402959520606245,3.529182116435159e-05,-0.0068774185590075865,-0.006893636502166456,-0.003524231542436973
2022-11-21,-0.003636012725719895,-0.01028698361914493,0.004215399960185717,-0.005589952950737276,-0.0006242187632453655
2022-11-22,0.013456888666528943,0.014402703405435036,0.014191178528635273,0.00117372396636517,0.005724898942220502
2022-11-23,0.00630160563869997,0.01003673400324212,0.017441893064946035,0.006231840940288613,0.005382009951824918
2022-11-25,-0.00022380204206184917,-0.006578623838962239,-0.003389638731022715,0.000858470616118101,-0.00030881942336002943
2022-11-28,-0.01595685485665277,-0.014673193985371036,0.002818292861738847,-0.007903495498554403,0.000411946262103724
2022-11-29,-0.0017175624577022708,-0.007569793435853955,-0.011725795949799944,0.004940425418036076,-0.004220127354707448
2022-11-30,0.031500614005839145,0.04558606788511521,0.007354101472354602,0.012781920270785507,0.008993332209587201
2022-12-01,-0.0007359874029863045,0.0012269855091000537,0.03194611370013423,0.01838479961277617,0.010922083577426855
2022-12-02,-0.0011535148354474556,-0.003983267724903761,0.012575318647591427,-0.0034556830535615868,0.002030838216042108
2022-12-05,-0.017989308739569054,-0.016783185444115833,-0.014006654840330368,-0.017158885635801036,-0.010133611355003902
2022-12-06,-0.01441487805570596,-0.020720726586858418,0.012879827782872555,0.0027373742314797944,0.006142589720314007
2022-12-07,-0.0017012518504021523,-0.0040827128070137775,0.023562604729621794,0.009039101712364994,0.008750116714539846
2022-12-08,0.00783394431787654,0.011835003631987195,-0.002740653036242491,0.0008416965556858891,-0.0056484574832936785
2022-12-09,-0.007470074963571882,-0.006376870565011683,-0.026014525040534253,0.003544160110315664,-0.007405089124891018
2022-12-12,0.014417481663391074,0.012551591339151846,0.0031977987199462987,-0.008260534556326027,-0.001430908421949928
2022-12-13,0.0075696668371731946,0.010750065993740066,0.009656028814921669,0.017081132038632596,0.009006088984635063
2022-12-14,-0.006393494191665239,-0.007413801512564766,0.004270903722041641,-0.0024330212847030186,0.002738789626672178
2022-12-15,-0.024461620386290517,-0.03357626633347821,0.003901837701592914,-0.01635930934057528,0.0019460456682842686
2022-12-16,-0.01180639355833113,-0.009534495906073026,-0.011170630152312122,0.008708721678036602,-0.0025288622051981013
2022-12-19,-0.008479702491652419,-0.014053730183996915,-0.016805086457468033,-0.0028178306902848504,-0.008112822578742462
2022-12-20,0.001368399428156808,-0.0007785579776332652,-0.017757189796581252,0.016594482836064905,-0.007259040050399457
2022-12-21,0.014952538051241415,0.014506279530615673,0.0025135329937131523,-0.0016560135809358112,0.001235852360390366
2022-12-22,-0.01426603033449192,-0.024465259124776706,-0.00019275234131377328,-0.012085358459954287,-0.00030869334758243383
2022-12-23,0.005752374033984209,0.00224931775092041,-0.01466053643273535,0.002998321039039853,-0.004526875824169663
2022-12-27,-0.003943528043376721,-0.014138269981169294,-0.01977288606912775,0.008430011409881644,-0.008372156793389873
2022-12-28,-0.012427986542527747,-0.013202977113287995,-0.005891740906542986,-0.004505807286929064,-0.0023977109090688176
2022-12-29,0.01800028830225897,0.024375298383825905,0.011351127028753627,0.005598251568726287,0.004910984939876073
2022-12-30,-0.0026340354563018087,-0.0006006397707680744,-0.011124238326365332,0.0046786689817972515,-0.004158942231257123
2023-01-03,-0.004209925350795007,-0.006759533504593351,0.01908393316957313,0.008370656531798915,0.007830368364122542
2023-01-04,0.007720216769982136,0.004763957447474931,0.013700197531079539,0.0094119059589024,0.007666196554577898
2023-01-05,-0.011413528537573159,-0.01565437172221762,0.004180702712505591,-0.012451461859522062,-0.001439411768958343
2023-01-06,0.022932051251128183,0.027601325457920822,0.018396299116219206,0.01870749684189077,0.012869701600284333
2023-01-09,-0.0005668921153848538,0.006473609942931002,0.005324067160961565,0.0022451175785793698,0.0025407588709263074
2023-01-10,0.0070132059483851705,0.008464193192593727,-0.01654977652354106,0.0036760446135073455,-0.00628584887873973
2023-01-11,0.012647622149554394,0.01730028212304191,0.016251466286514304,-0.000686793935011365,0.006427826699435979
2023-01-12,0.0036408854742195906,0.005404459284791052,0.019682047257108648,0.011568000967502767,0.008921364065370696
2023-01-13,0.0038794741866499116,0.006880406320501464,-0.009372958756567407,0.012001783992939385,-0.0053255669433298625
2023-01-17,-0.0018319597448985814,0.002028714557068767,-0.0064633985820756745,-0.00654507834469964,-0.003131625346792677
2023-01-18,-0.01578801608828595,-0.013000004645624008,0.02423142391401467,-0.0028717524486322477,0.013579137355199222
2023-01-19,-0.00727974271061349,-0.00982446278457727,-0.0062595774638595225,0.015868520044824974,-0.001899864165223697
2023-01-20,0.018628942376418767,0.027366881819735456,-0.016211368195410136,-0.003335405556458948,-0.006611005507127676
2023-01-23,0.01199862928228046,0.022216011418282777,-0.004707871197376479,0.0018964337632443318,-0.003226786892002176
2023-01-24,-0.001073270540205118,-0.002041699379299655,0.01438011139540607,0.003618515163479552,0.005766263206229638
2023-01-25,0.00037479710149446177,-0.002219416873918023,0.002425084481010753,0.004603959599926544,0.0011064215849569958
2023-01-26,0.010990115792730126,0.01949740344160067,-0.004651968049137145,-0.009055266877154966,-0.0036169507190028094
2023-01-27,0.0022978100292594394,0.009954260678568305,-0.0025241524367070056,-0.0013929904624704337,-0.001513029615077377
2023-01-30,-0.012546755068507331,-0.020218530583696714,-0.0036543490451851346,-0.002566715270248765,-0.003130152372131767
2023-01-31,0.014703414593704611,0.01498599468324735,0.00799438672694941,0.0036362115419990015,0.0050653223869483455
2023-02-01,0.01062767329062897,0.021383523086710765,0.012021104924798909,0.012596814339808304,0.007191955650160953
2023-02-02,0.014557068797150796,0.0358898506006462,0.0012943135133265393,-0.02075193653580043,-0.00040103434890470524
2023-02-03,-0.010629110241724748,-0.01777220374107591,-0.01495568276183934,-0.024957770292002968,-0.01073562311287879
2023-02-06,-0.006111340267619614,-0.008459212227660995,-0.007404109854180829,0.0020754098721176284,-0.008620465467708116
2023-02-07,0.013078767081044607,0.020718687120672596,-0.008025410787001364,0.000920425708082595,-0.0024553391218932186
2023-02-08,-0.010934828968030108,-0.01778105612454861,0.004759092170322221,0.002471594120761589,0.0036920739765153865
2023-02-09,-0.008669224521750118,-0.0088379444844775,-0.009473519019066234,-0.007912418174625069,-0.0044959945419627
2023-02-10,0.0023335661057206636,-0.006563098129155787,-0.01118930618249192,0.0019071943211166342,-0.004823936326707856
2023-02-13,0.011738995020518894,0.01601593031029558,0.008414619166244641,-0.005076170279846859,0.0023719746579582424
2023-02-14,-0.0004602085819057633,0.00738909807616106,-0.00230198049555308,0.0007537389032514774,-0.004526917954926546
2023-02-15,0.003247445298318441,0.007660981055916505,-0.009324788361081193,-0.00996466725346834,-0.0029977945200376777
2023-02-16,-0.013768753783681031,-0.018764190337714926,-0.014168382905787369,-0.0008192368783922488,-0.003317089449785815
2023-02-17,-0.0024983076864965037,-0.007055584572502993,0.00777627850633178,0.002986790669610162,0.002808311708813571
2023-02-21,-0.020060794619553568,-0.02367539152134346,-0.019437277715628976,-0.003737004613899475,-0.010890897481906747
2023-02-22,-0.0013782118424883194,0.0007483710009519307,0.009164461574695526,-0.005626488586046308,0.001782871245737061
2023-02-23,0.005319431628444615,0.008733814397792194,0.00977214758046685,-0.0005304511136865475,0.003873060885159152
2023-02-24,-0.010682470354509754,-0.01674396879713358,-0.013001210915702832,-0.00719467575637045,-0.006047917048878748
2023-02-27,0.003405843725257096,0.007161348713027316,0.0027731237579244894,0.003920334893926292,0.0030422221353809675
2023-02-28,-0.0036960313657070643,-0.0012930459554147955,0.004543047948554868,0.00455596886271592,0.0015689124119038222
2023-03-01,-0.0038357827028210334,-0.008038827387769398,-0.010742797026788375,0.005772150633673867,-0.007994654730877127
2023-03-02,0.007777214902593421,0.008275827700404914,-0.008867539857001838,-0.0005855636445488699,-0.004114213844645165
2023-03-03,0.016037607087553862,0.020673489702074166,0.024226083444238267,0.010723085619275707,0.008049981823625929
2023-03-06,0.0006928786905011641,0.0011346452641056715,-0.007753592432734324,-0.005043830646819902,-0.001785772356763471
2023-03-07,-0.015328413685783637,-0.012265689978535832,0.006132721765053528,-0.017480480627863337,0.00010483188541865474
2023-03-08,0.0016318571157381,0.0049942092393449045,0.0009830440906266613,-0.00047445044105887124,-0.00031546358451983725
2023-03-09,-0.018449652368678016,-0.01732579108209442,0.0024555425232366535,0.009849316056938173,0.006211778814909863
2023-03-10,-0.014429653976258616,-0.014043637640524187,0.03448581915087412,0.021562856843419187,0.01841563353265574
2023-03-13,-0.001425033480576321,0.007416249094796212,0.0022730681776208517,0.022948211912439564,0.012123686741237094
2023-03-14,0.016529917139940897,0.02297980371495778,-0.016441579359944725,-0.005791064746217711,-0.009440779202589455
2023-03-15,-0.006254321725367551,0.0052461515986592655,0.01931032826154011,0.007804133170404848,0.014449934511372664
2023-03-16,0.017545122793174883,0.026360658934695635,-0.007822818423502409,0.002020092008242713,-0.008990740102732153
2023-03-17,-0.011692557867083342,-0.004725934184253933,0.015009030173197768,0.02912021467748982,0.011824780724751793
2023-03-20,0.009615454556822334,0.003548762751677037,-0.008797521546396903,0.0003808677357699519,-0.004030206780421874
2023-03-21,0.013130647289386177,0.014282652584953093,-0.008592142797054114,-0.018875115806276432,-0.00869929908734357
2023-03-22,-0.0170466449003569,-0.013598413869047588,0.013333706732572725,0.01702060989813825,0.01316412312661619
2023-03-23,0.00270345823665874,0.011858257922493065,0.0,0.012538176085624908,0.005739962336095417
2023-03-24,0.0065620728967703545,0.0036805718186809777,0.004229038293027454,-0.011252350246951037,0.00030048846906871596
2023-03-27,0.0018697310873256878,-0.00685138725464951,-0.023490763475767507,-0.009256722051406152,-0.012313037602221688
2023-03-28,-0.002244554597679249,-0.005311574792048468,0.0018206974947141408,0.008189093257242153,-0.0006083738813692507
2023-03-29,0.014534724922447007,0.018233745433413828,-0.002008830059260114,-0.00496077000653139,-0.0017244392087394367
2023-03-30,0.005855264599922583,0.009465418941655646,0.004601480822085557,0.009039576549164652,0.0015240942231533605
2023-03-31,0.014094821069120522,0.016630852092687665,0.014980401559071321,-0.005212246135594234,0.005477880989187778
2023-04-03,0.0038104462220782676,-0.0024305326128510885,0.004703413552439084,0.007204410308019105,0.004710352195354428
2023-04-04,-0.005548080846610515,-0.00337327595860315,0.004971701314360866,0.018640958960437715,0.006439370658921861
2023-04-05,-0.002618165085022661,-0.009872550450769513,0.010454819614379662,-0.0007979247786651378,0.004198802064865337
2023-04-06,0.0039008427115221345,0.006742105389550668,0.0025865604157446764,-0.007134091065472581,0.0002986481468740809
2023-04-10,0.001026336882462786,-0.0005660388979192854,-0.016124700706281025,-0.007399886547073353,-0.009852618165643978
2023-04-11,0.00026853803412096866,-0.006417664781507959,0.0020601347155397853,0.006320556237305208,-0.00040186634570549273
2023-04-12,-0.004075999121553875,-0.008833600129164676,-0.0010281137866801071,0.004885138866613126,0.0029160470471554234
2023-04-13,0.013282797961150505,0.01958203199649744,-0.00785833165871419,0.013515672558895409,-0.0033085139282060805
2023-04-14,-0.002442844951924039,-0.001879882914770259,-0.009146614878053017,-0.017710313033589165,-0.004929209764199194
2023-04-17,0.003588197378443736,0.0008473795456125366,-0.011895722263441488,-0.0044537552497120325,-0.006368874537358238
2023-04-18,0.0006522719716168801,6.289991424157648e-05,0.0035633357105255836,0.003880780603893852,0.0016277926994059388
2023-04-19,-0.0001689061155171201,-0.0004704032586542173,-0.0009592432849809818,-0.004778520212877502,-0.0021330058266578744
2023-04-20,-0.0054570124811536,-0.007624626507542698,0.008549528475974899,0.00393825919904689,0.005802138513772537
2023-04-21,0.0007768749275476328,0.00104364379540689,-0.005620058735807509,-0.00988766926809792,-0.0024290139066242
2023-04-24,0.0010431225630349594,-0.002084718652840434,0.009674658729727392,0.003039335460481629,0.004869681701694439
2023-04-25,-0.015873855759564015,-0.018863466313488453,0.014704341122185882,0.005086318131183543,0.009893817180885334
2023-04-26,-0.004235688050099218,0.006064438254838711,-0.010658383289972262,-0.0054373863086726315,-0.0038987274472879196
2023-04-27,0.019908167447046043,0.02719092359072417,-0.009922508385422857,5.410039265330013e-05,-0.0065234848745933105
2023-04-28,0.008535183751525288,0.006898604701001787,0.01613099388617978,0.0002706525128974846,0.007475653139107585
2023-05-01,-0.0010097821738080937,-0.0011470953088718039,-0.028834949742480465,-0.004491351825477108,-0.011769861013243732
2023-05-02,-0.011239265637182472,-0.008721566774549938,0.024920335226952695,0.019296640909943763,0.013018596657068171
2023-05-03,-0.006863798914711006,-0.006543964492922605,0.0055816814308755625,0.008479075840785555,0.00652601982184442
2023-05-04,-0.007083017249265189,-0.003529900474661396,-0.009878568308097746,0.00703295344911492,-0.00019927544786535467
2023-05-05,0.01851247219624197,0.021254330523746034,-0.0033260422868488515,-0.015647950479605433,-0.005387692473100225
2023-05-08,0.00026634089858390553,0.002477793888108426,-0.014014575693198084,0.0012269055761324754,-0.006119079081706391
2023-05-09,-0.0043850372025033835,-0.006333299136668691,-0.003577434946026359,0.007086162362163639,-0.0012110747534826993
2023-05-10,0.004672258556926101,0.010881691034024144,0.009703962006302636,-0.001428442843921074,0.007477828315150203
2023-05-11,-0.0017439584297256339,0.0032603025436059863,0.01057177015104771,-0.008582755587748347,0.00371103322309696
2023-05-12,-0.0013102731852306926,-0.0035868504898152187,-0.008369041560552737,-0.0017100802429794726,-0.005995811387009886
2023-05-15,0.0034501942433107224,0.005414853711706025,-0.010357506224408342,0.0021412620336231925,-0.0022117281471134564
2023-05-16,-0.00668280168322577,0.001132247238648798,-0.0030044353897412668,-0.0124993937971285,-0.003224261110081006
2023-05-17,0.012138857887157739,0.012104289956293313,-0.0029159145998968183,-0.0034618889303412725,-0.0032343425845247076
2023-05-18,0.00963332168095743,0.01857308809856928,-0.007408751550944004,-0.012972911279784505,-0.006186357978677948
2023-05-19,-0.0014551182428977905,-0.0022531317978848886,-0.007071409823028452,0.0098988291245512,-0.0037755850826270976
2023-05-22,0.0004063578519575284,0.003357947067474276,-0.0035607554273859865,-0.002341497915543389,-0.001843372494456208
2023-05-23,-0.011223007149434583,-0.012676367106957853,0.002878382825872272,0.001200731149241463,0.001641687322821106
2023-05-24,-0.007244900386179642,-0.0051296601657269125,-0.004948560118567813,-0.008068450017086337,-0.0025612683772063827
2023-05-25,0.008659974205849741,0.024333100576990674,-0.002486715775941284,-0.009618027091793824,-0.006265167734333166
2023-05-26,0.012950537274034835,0.025550246468902138,0.00807727503493183,0.003995567330169925,0.0018604943294200371
2023-05-30,0.0003810234680405866,0.004534995817076615,0.009990977004228574,0.006190554546333882,0.007840714279498506
2023-05-31,-0.005545075901445595,-0.00568599730434638,0.00871693731557488,0.0015382006614657051,0.0037874769642949335
2023-06-01,0.009500908800490038,0.011552198126215663,0.003923310706764882,0.00789813034647624,0.0027801869591026485
2023-06-02,0.014461157698108185,0.0074998319522503465,-0.010957979149484376,-0.014747450675273721,-0.007951204230441933
2023-06-05,-0.0019161266131775267,0.000704798680424723,-0.0018630823759945292,0.006020416015011243,-0.00030793406681639546
2023-06-06,0.0021773464180092628,-0.0001690886202219133,0.005894124258138955,0.0010980396887689814,0.0006169404431821679
2023-06-07,-0.0034576731966026175,-0.016965523659191795,-0.014843786859171426,-0.012010543410059138,-0.007293667381282454
2023-06-08,0.006048552815833164,0.012413325775638917,0.01169682866252586,0.013211240429905624,0.006726165734557643
2023-06-09,0.0017942605499243758,0.0038228189158000525,-0.0013717436389615312,-0.0026845203333208945,-0.0035974953453652425
2023-06-12,0.009071860003401655,0.016897155649704843,0.0029435495933676226,-0.0008788640365902101,0.0016503171796060645
2023-06-13,0.006593019838354142,0.007684029478561838,-0.009880580592651955,-0.007367558613950331,-0.0071060462102148225
2023-06-14,0.0011908263016258136,0.007267565151260369,0.008003077103948764,0.0005539277015322863,0.001348371128665704
2023-06-15,0.012397451306116247,0.011915792708171224,0.009606055473223352,0.007030581691497284,0.00776899978297152
2023-06-16,-0.0034061426511092785,-0.006292924434185165,-0.0038833535061210123,-0.0015392159510752013,-0.004317259195744438
2023-06-20,-0.005188169978143309,-0.0014315655470680255,0.006920028957701607,-0.010350739592973501,0.002994099026787156
2023-06-21,-0.005123704210498237,-0.013627748003831042,0.002419981911656377,-0.0014464228474878604,0.0009260300980109548
2023-06-22,0.003609620153536053,0.011798737562450423,-0.012070783046136957,-0.009916979914319946,-0.0056553186210343
2023-06-23,-0.007559857510904711,-0.009913381504750296,0.00997043248699958,0.0027572461643308177,0.0041362545105421145
2023-06-26,-0.004085771439139685,-0.013405458330581932,0.0010643759319313162,0.0017396047357047806,0.0024718835625403557
2023-06-27,0.010963298967433088,0.017194155801370625,-0.00261060286514303,-0.004593535884055422,-0.003492965022360739
2023-06-28,0.0005045434758852441,0.0019516298259696363,0.004265040328074621,-0.002307409851291853,0.0040207741769628935
2023-06-29,0.003941168025105801,-0.002002682395116806,-0.018048702008847783,-0.001071764681377263,-0.010267990342232802
2023-06-30,0.011800645666849796,0.015420156900271431,0.01179502992679704,0.006663323502016594,0.0021784728151910127
2023-07-03,0.0011506485669117161,0.0023551332491020815,-0.005669211842915689,0.0011218766110339118,-0.004337430106218343
2023-07-05,-0.0014872116541752023,-2.7168817978595605e-05,-0.009502359266185145,-0.00353003237800964,-0.0047941452129881545
2023-07-06,-0.007830669721768713,-0.007615861385620537,-0.014142581542897936,-0.002980200124891419,-0.00816855808896455
2023-07-07,-0.0025246495327946317,-0.00331992822215299,-0.006019654408956132,0.007500997402107412,-0.0012670720983831707
2023-07-10,0.00253103952053757,0.0003275115741809831,0.0013120150238030703,0.0007836956455820054,0.005180132308910901
2023-07-11,0.006368611543875913,0.004940644295816199,0.005140803676837891,0.0037476125602418087,0.002103359022735285
2023-07-12,0.008045996975295955,0.012630090173363584,0.011131402837047721,0.013541420874312982,0.009760818719496633
2023-07-13,0.0079368497991259,0.0169786299014143,0.01051217177006536,0.0007146999149643118,0.008315064451120735
2023-07-14,-0.0006228788091020565,-0.00021104306375896442,-0.0058884071551231765,-0.0031866482531699436,-0.004947508060043293
2023-07-17,0.0034720737425686377,0.009338640476184823,0.0004933992793239028,0.0007165567329587841,0.0016575171036277148
2023-07-18,0.007430715681567612,0.008180676045991486,0.00453942492134729,0.011456278139590825,0.0011375576530874287
2023-07-19,0.002223644336604158,-0.00023343773366413245,0.011296380488613256,0.00016335645500209495,0.0034088837522943116
2023-07-20,-0.006634296632637038,-0.02305172263730615,-0.012141677446545929,-0.005063389149303599,-0.007927363107996244
2023-07-21,0.0,-0.002999388155804028,0.00029505174071542406,-0.0030645332195952113,0.0008302207832557862
2023-07-24,0.004467197664612899,0.0015972835186097711,-0.0036371272869507587,-0.00428147332668416,-0.002385115712575936
2023-07-25,0.0027300638846694536,0.006777732321828989,-0.0018745853571571214,0.005567859975791123,-0.0018707537202721225
2023-07-26,0.00015374414046576135,-0.0033263761264268332,0.000988572041746183,0.0048791150253855164,0.003436485279463275
2023-07-27,-0.0066300595745393265,-0.002383971486763392,-0.019452856994262357,-0.01571197400361901,-0.010896792239893704
2023-07-28,0.00979036448025683,0.0182146567756849,0.005135880063240839,0.007981390400291666,0.0032526714552869596
2023-07-31,0.001904144220681081,0.0005213668507684233,0.0024045866796931215,0.0026944104889450315,0.001254834409249117
2023-08-01,-0.002861609318636882,-0.0023193954875213585,-0.016387049793728292,-0.010364679607279714,-0.005843275978138274
2023-08-02,-0.0139108399784873,-0.02194434007505508,-0.010699002689513848,-0.004765602229612864,-0.002001056778298538
2023-08-03,-0.002865861349962251,-0.0016025739379329496,-0.02307114117936493,-0.0003341470787491252,-0.007387571078993904
2023-08-04,-0.004522868087153076,-0.004681697486034975,0.01771180853497234,0.003620414278603157,0.010632530736192303
2023-08-07,0.008728560964747833,0.008466677282771284,-0.009840966630815018,-0.0022753962847783527,-0.0024196317028567504
2023-08-08,-0.0043486749403353064,-0.00850218840274819,0.011612993076311806,-0.006341080194621318,0.005061686887131156
2023-08-09,-0.0066850711517904005,-0.010994608909739023,0.005171593564327059,-0.00475820704444585,0.0006295916503702426
2023-08-10,0.00035884070728298134,0.001848121668488023,-0.016462971121565806,-0.0010686044760203073,-0.007655092617275039
2023-08-11,-0.0005831117228672911,-0.006375537721706848,-0.0023015045495163866,0.0,-0.005283683300451036
2023-08-14,0.0055201337236503445,0.011222209947721051,-0.002202132454290351,-0.003040588549344525,-0.0015932705017840387
2023-08-15,-0.011649056287685533,-0.010611644529485043,-0.006094955372567323,-0.002654474343068869,-0.001915393904525109
2023-08-16,-0.007338168658568622,-0.010589027862517808,-0.007823702079216122,-0.005776029417432049,-0.003837866076865759
2023-08-17,-0.007619726590997411,-0.010923067554619803,-0.004262833662636023,-0.0015378724223797935,-0.0012841563834176117
2023-08-18,0.0004811132480173619,-0.0012547295901865763,0.0035315984093069464,0.00017112823031739666,0.003000492329791271
2023-08-21,0.006506310137972315,0.016111321362445974,-0.013330296525223773,0.002737670236275802,-0.006196555858236974
2023-08-22,-0.0027085628837907327,-0.001428883481062515,0.007673899332204526,0.0016495566176504273,0.00042980105878576147
2023-08-23,0.011137710862785033,0.015768663716855036,0.024777245981667084,0.01016464068195777,0.010853438184589281
2023-08-24,-0.013858939280687599,-0.02137559892030516,-0.006593916081334084,-0.00022482031744353037,-0.003720666777058068
2023-08-25,0.0070496413578184924,0.007751261633382356,0.003266156360060668,-0.0012932863561120334,-0.00032046738093360894
2023-08-28,0.006341533373401154,0.007527100470379855,0.001050286552116475,0.0028713533365909427,0.002775325494945635
2023-08-29,0.014454648421340144,0.02183994935889677,0.010386016073763438,0.009768091768254772,0.0071315204509283525
2023-08-30,0.004118847172444484,0.005576601340362863,-0.0010381291193729547,0.0025018747942815445,-0.00010574619972902877
2023-08-31,-0.0014631923786413426,0.0029986755403403897,0.004469217336521059,-0.0016637258183913595,0.0020081258879534047
2023-09-01,0.001865005712280654,-0.0010583714354717166,-0.015578552109029586,0.0004999240959600026,-0.006112531803336152
2023-09-05,-0.00432194845573064,0.0012712433070385387,-0.014022100318447084,-0.008161685723844458,-0.006065332230699494
2023-09-06,-0.006722312827919463,-0.00880798653416004,0.0024593480421182257,-0.004534245193468567,-0.0025690578573143164
2023-09-07,-0.0030703114341791293,-0.0071515282984176975,0.00277349281941186,0.0010684498647577367,0.0034346296139771137
2023-09-08,0.0015060827955775125,0.0013976286463883714,0.0038296703433406964,0.0003370270596214642,0.00021359342077564847
2023-09-11,0.006576512670617651,0.011782632588577258,-0.0072062038969606945,0.001853109993606994,-0.0017109344680745764
2023-09-12,-0.005485455558710606,-0.011088196203011269,0.0057639424338060685,-0.005156651253074851,0.0013926765336651492
2023-09-13,0.0011660142725671285,0.003809027706343393,-0.0002125487416462235,-0.0023100098564432514,0.0011768498642994452
2023-09-14,0.008622410629380184,0.008177115858184703,-0.007217527082048147,0.0005082241752882855,-0.0022440227691543635
2023-09-15,-0.012048338042223716,-0.01712296804258029,-0.006094454222637102,0.006603816566220333,-0.0031054540077926074
2023-09-18,0.0005864607014589573,0.0010424393130166187,0.005701478375394586,0.005887647601878543,0.0009668111847969119
2023-09-19,-0.0020738426062311133,-0.002131307942503602,-0.007380502911254472,-0.0009476457412548323,-0.003649205414949952
2023-09-20,-0.009193576240472678,-0.01441032857993596,0.0031247806287124646,0.0007253927124595272,-0.0007536834096379952
2023-09-21,-0.016528142201409635,-0.01832460977903927,-0.025673963647178777,-0.007248413758109917,-0.007437695212053175
2023-09-22,-0.002248656765926116,0.00013992615711133638,0.008048507280218109,0.0032013033173832195,0.0039096634496171845
2023-09-25,0.004205212672791614,0.00474954686294371,-0.02460924871834036,-0.005150588926742139,-0.007355913879456333
2023-09-26,-0.014691129235418932,-0.015016239959793953,-0.003475819392220192,-0.007990985893820302,-0.00032731293633792014
2023-09-27,0.0003990798649384786,0.002343383244569175,-0.0051760596227481415,-0.012366647894697436,-0.004469971980680776
2023-09-28,0.005797533094223484,0.008365141737924908,0.00305389093061903,-0.004997187509914736,0.002738263196370605
2023-09-29,-0.0024269882033427503,0.0007261852798736701,0.00011263245791970355,-0.01027534966921384,0.00021788578931380975
2023-10-02,-0.00039773422515221313,0.00834563317690784,-0.01674000626490224,-0.010498705650611395,-0.008111383592540156
2023-10-03,-0.013385864323477659,-0.01754956181882461,-0.0215116218427166,-0.0028882419805683623,-0.008277253370356341
2023-10-04,0.00728175343337667,0.013608653670343251,0.014107940096990346,-0.00011825651470720455,0.006343330492570187
2023-10-05,-0.0003768283290253027,-0.0029466267462764373,-0.004985173720745362,-0.0018327868021307259,0.001879930540613195
2023-10-06,0.011872740702894236,0.01675557134546457,-0.012116943145354497,0.005153083621109555,-0.0058498851302448696
2023-10-09,0.006402257590511606,0.00510006114394268,0.02346959248542846,0.01838544744893622,0.012767878318682424
2023-10-10,0.005204881069301948,0.005537963240449528,-0.0013823940593277184,-0.0016780958953311886,-0.001973517148063597
2023-10-11,0.004096233598771759,0.007135425196896028,0.02088618612959947,0.007303045938392039,0.005492386168818975
2023-10-12,-0.006096511576380581,-0.003475074198004191,-0.027128121089228352,-0.0030496507265770356,-0.009613288091271599
2023-10-13,-0.004980766643150947,-0.012570018761071888,0.017892618803122096,0.03214825984540237,0.006397807001957911
2023-10-16,0.010521369152287185,0.011306485957100598,-0.01609436676956766,-0.004864928190345896,-0.005919158712328398
2023-10-17,-4.571999853697495e-05,-0.0032755549478833412,-0.011020461892265243,0.001854273768354009,-0.009812446543637887
2023-10-18,-0.013325231088872291,-0.013117825912644987,-0.008798162815241928,0.014470816805260078,-0.004676286911204919
2023-10-19,-0.008786351097596956,-0.009356958774652147,-0.02047315309183606,0.012274016037125302,-0.004922300831870952
2023-10-20,-0.012288066983292656,-0.014917758655707436,0.005678636676487381,0.0027308974274993236,0.005846110091960455
2023-10-23,-0.0017331009509515827,0.003017401669945352,0.012013320469328681,-0.0033770637265356784,0.00469405597561523
2023-10-24,0.007539373672874605,0.009728127122168084,0.013176492296337328,-0.0001093308866343401,0.0017800146615030155
2023-10-25,-0.014352200266594894,-0.024475852609606163,-0.02226083148735314,0.004208823642007475,-0.008772775265482369
2023-10-26,-0.011974566238660556,-0.01906716941323172,0.015338247985744458,0.0015784524505007003,0.007618098187699429
2023-10-27,-0.0045329483838950635,0.00480114256637143,-0.004249048828033675,0.011629799758343662,0.0015563514630432262
2023-10-30,0.011955898365193729,0.01126529637376561,-0.004503409977654416,-0.00564054701797434,-0.0033302878121337365
2023-10-31,0.006280229505535528,0.004782332017491342,-0.0048815806208272194,-0.005456562573315948,-0.002116138410032997
2023-11-01,0.010664692861355407,0.017356732616624626,0.021681999001102792,-0.003150642851826202,0.01151789281701765
2023-11-02,0.019164464276355764,0.018153489172417547,0.022796620770717313,0.0033240729584831374,0.006196572618090368
2023-11-03,0.009123262630104767,0.011748737605327575,0.006778458114098163,0.003638921283475316,0.007698294140503492
2023-11-06,0.0023005247339531465,0.004079434808557547,-0.009699868666946387,-0.007792560392528847,-0.00578414838237562
2023-11-07,0.0028460682771678236,0.009452491319603462,0.014749586958807015,-0.0041451308444239165,0.0057079067004490724
2023-11-08,0.0007323474357048276,0.000643987213430508,0.017034399608853112,-0.00996764391222027,0.004038511909812081
2023-11-09,-0.00779865573060079,-0.007695603801942896,-0.02300165036718871,0.003982968433291267,-0.009892333446186674
2023-11-10,0.015604880114567399,0.02248231802635514,0.005600152329965802,-0.010909752197912126,0.001097865249605201
2023-11-13,-0.000953393322540852,-0.0031186644446523637,-0.0022729093249139742,0.005570720464602941,-0.0005484236005668386
2023-11-14,0.01940071343775296,0.02152667599439151,0.022667649044191496,0.008919177105678688,0.015033322062419252
2023-11-15,0.002117195587110876,0.0007525081122741195,-0.014034439263225451,-0.002635601473798599,-0.007783725053493895
2023-11-16,0.001223244043484728,0.0008558247987375811,0.012426689869895036,0.011286077178189302,0.007517920603214323
2023-11-17,0.0012435376350941052,0.0002331341463679415,0.0046865944960241546,-0.00010890234740634774,0.0006489458640357437
2023-11-20,0.0076978586445686226,0.012174926154582266,0.006107975589125125,-0.0016333808174913145,0.0014049695576188181
2023-11-21,-0.002179472113143399,-0.0058095942655351784,-0.0004413641629589238,0.01079790063288577,0.0012949558018000573
2023-11-22,0.0038606469802060506,0.004093129858361966,0.003533993061459295,-0.004262252597287075,-0.00032316037507429396
2023-11-24,0.000615397497128578,-0.0014098203814432164,-0.011774702379289348,0.005201596914642392,-0.005175162109960718
2023-11-27,-0.0018008540764695713,-0.0008732275748870588,0.016703556530425878,0.006737817869841178,0.007586494610086758
2023-11-28,0.000990164362688839,0.002621175593270131,0.0019714467770639565,0.013331852960406732,0.004409777407631932
2023-11-29,-0.0007035100309303877,-0.0009740538375718755,0.012570985077435148,0.0014794398574642376,0.0052475482740217405
2023-11-30,0.003937529378508886,-0.0025140265132876927,-0.011551443800405847,-0.004167950375202456,-0.004900476510972029
2023-12-01,0.005915993393023955,0.002854795064532123,0.018834271736824615,0.017271494075951965,0.00943531066394021
2023-12-04,-0.005249629125140598,-0.009283696456299007,-0.003978855210779009,-0.02161342646325959,-0.004147232274674728
2023-12-05,-0.00019706071881431253,0.0025111359021485757,0.02148563862042807,-0.0037794459254785195,0.007047273988504799
2023-12-06,-0.004029660295721382,-0.005783849924441475,0.013317629619339577,0.0036868953454944897,0.0041354500636694436
2023-12-07,0.007630307775091216,0.013972107641820664,-0.005737136698641732,0.0016503277504122948,-0.0014782097966975494
2023-12-08,0.0042992197858027215,0.004456706652611553,-0.008182593570222774,-0.01334039111485108,-0.006450970327753769
2023-12-11,0.0038894939518421268,0.008542043888947637,-0.002115564023215888,-0.011042895165362276,0.00010636501955074706
2023-12-12,0.0045673206668572774,0.007964459623902354,0.002967741407476465,-0.0005446421195114404,0.0021286037665768642
2023-12-13,0.013790146628293698,0.012717122287655647,0.023462242479317608,0.022562533466176538,0.01486812812373306
2023-12-14,0.0032093310705658684,-0.0008666412318792949,0.026013238983378262,0.005862552982469849,0.008313199492281376
2023-12-15,-0.0016465278742889833,0.004833880606915253,0.001110864079744589,-0.009166511771857233,-0.0008331085680411965
2023-12-18,0.005625021278664599,0.006298486339281428,-0.007967853979196415,0.004545487184575592,-0.002187822363295955
2023-12-19,0.006080888558689157,0.0051096569475752585,0.005388154094060793,0.00681394057869511,0.001879312643644715
2023-12-20,-0.013857292868214244,-0.0148596708902613,0.006775257098662557,-0.005445982936102989,0.00489783089785778
2023-12-21,0.009482070136439535,0.011635611474920093,-0.006328211534285977,0.007070635455129759,-0.001555624865381966
2023-12-22,0.0020096531624802516,0.0014956990116321567,-0.004548233891192632,0.004434417088942322,-0.0009346015314332101
2023-12-26,0.004222373783581368,0.0061217678051781466,0.002843054483541829,0.007620733251079592,0.000623942660370469
2023-12-27,0.0018082842356985651,0.0020358047690940406,0.01771979757263442,0.004537842226414179,0.007791967806418221
2023-12-28,0.0003776580412921948,-0.000486196535385619,-0.007262708761933023,-0.005815437657636813,-0.0038143291658400136
2023-12-29,-0.002895034567458543,-0.004327667429890547,-0.009020086019522311,-0.001566841018672216,-0.002483795530581201
2024-01-02,-0.005596290004522109,-0.016922284878890692,-0.005764462851013619,-0.002353909884146743,-0.0037346641211554177
2024-01-03,-0.008166755795484648,-0.010581365120551078,0.004170534836930528,-0.008336809604204354,0.00239494572003518
2024-01-04,-0.003221006521007097,-0.005146557113623551,-0.0151946969973894,0.0010046128932528209,-0.0060254252137704745
2024-01-05,0.001369630000933375,0.0011860426112166866,-0.00956598468591019,0.00015845540955172766,-0.003658067831512457
2024-01-08,0.014276074010945994,0.02066805546071393,0.009866184812041379,-0.007816271130823282,0.0033567126604623354
2024-01-09,-0.0015171763930885707,0.00197540251547057,-0.006375688366982768,0.0003193567900841021,-0.0004179870683983511
2024-01-10,0.005655275907605617,0.0067775208300320244,-0.00465803231566897,-0.00228804710551489,-0.0015689665539284636
2024-01-11,-0.0004405108338484398,0.0020809617213881637,0.005615334971909913,0.0019733072916665595,0.00534239223248445
2024-01-12,0.0006927159626370916,0.0005129269839485584,-0.001964808694426612,0.009794068475553752,0.0027094817720860753
2024-01-16,-0.003671167195265501,-9.77150166459051e-05,-0.01761275106476079,-0.009488181898979597,-0.008105692590196
2024-01-17,-0.005558761471287088,-0.005640610583691363,-0.001581912466428026,-0.01101595063528893,-0.003247754496041644
2024-01-18,0.008892805538544879,0.014194012611296714,-0.009295690987645489,0.008232882099906247,-0.002207103202519045
2024-01-19,0.01246608458137155,0.01983106295393089,0.003198661855590368,0.00298872590696031,0.000105311490700144
2024-01-22,0.0021144113011448695,0.0013057421446378559,0.00595177343999298,-0.003777957126316789,0.003054510714937342
2024-01-23,0.002916419486691302,0.004149576297195479,-0.007923769909369716,0.0038991332271092194,-0.0025202218772466534
2024-01-24,0.0010933126769605561,0.005549244395269826,-0.005857357645873917,-0.008246890539639895,-0.0028424131236408634
2024-01-25,0.005438841777654968,0.0012212518299712372,0.006534835893065694,0.003969986681303217,0.004328234217309657
2024-01-26,-0.0012704534743315232,-0.005957502803313086,-0.0019159241307877828,-0.0006946931881827156,-0.0017866207861716443
2024-01-29,0.007919381580072882,0.010240417906661747,0.011516517448891594,0.0070584854445867595,0.0060021013035680415
2024-01-30,-0.0007734241306917022,-0.006656686176177984,0.009065769104322552,0.0013805262268788976,0.0013610689628276162
2024-01-31,-0.01631720398524139,-0.019586050184117854,0.009820144768609262,-0.0007423479101065222,0.008363007778433573
2024-02-01,0.013088045020838601,0.01177546605208768,0.019616054957120488,0.01040067256889099,0.006193823199808213
2024-02-02,0.010527345896630624,0.016900517801445192,-0.0220886387973952,-0.009453300862028224,-0.01301417534883409
2024-02-05,-0.003641248733787017,-0.0013052678870217882,-0.020193594031729045,-0.005513988032274764,-0.009731823139099927
2024-02-06,0.0029035531253986946,-0.00200716417427782,0.009773793909811035,0.005224693124019186,0.005389482813314972
2024-02-07,0.008340215299197151,0.01029006399012844,-0.004839506066555699,-0.0002651978305409086,-0.0017867461545980623
2024-02-08,0.0004417085496768447,0.0018519690523284282,-0.005814814801464729,-0.0009018470501077624,-0.0032644171710698444
2024-02-09,0.005779457003501243,0.009842997965370692,-0.0020204585591631075,-0.003876152075832917,-0.0017958065926249045
2024-02-12,-0.00043903936526801246,-0.003912692857148903,0.0011721695026489787,-0.0026119694947860372,0.0009523791725656316
2024-02-13,-0.013772968157866883,-0.01559687619173189,-0.017134860026422283,-0.013788690196348319,-0.010995727795503174
2024-02-14,0.00908765243523213,0.010897255663146366,0.005089355853133082,-0.0005961123453055439,0.0037418606104109298
2024-02-15,0.006899732879512399,0.0029776677772299642,0.005171395572457493,0.0067238125229136525,0.0027689089064166783
2024-02-16,-0.004979972192162729,-0.00906762940860395,-0.005787957076991201,0.0036625695484677756,-0.004354680987331383
2024-02-20,-0.005505423937581022,-0.007548095187712267,0.0008623036832515751,0.006064210073093879,0.0017070435235100323
2024-02-21,0.0009058482471346885,-0.004001783620696475,-0.007108702544037282,5.331256612173263e-05,-0.003195050684792533
2024-02-22,0.02069547359013213,0.029275705703726507,0.004881531479132395,0.00042672195902415666,0.00010663643354580365
2024-02-23,0.0006896317025153476,-0.0029448422406951336,0.013386766170756514,0.005651511902278639,0.004593501152978963
2024-02-26,-0.0036624894663943586,-0.0005265276914904193,-0.0029828283739994355,-0.0022266895335479875,-0.0014883395370579589
2024-02-27,0.0018577522132514623,0.002405266123699512,-0.007052098056321898,-0.0010626830578386315,-0.002236777264069789
2024-02-28,-0.001321689813283622,-0.005324601078970481,0.006348772777278189,0.00180849115899262,0.003629067398337904
2024-02-29,0.003595055185208418,0.008569556817624724,0.007057286518449946,0.005150266749304189,0.0020206724557554345
2024-03-01,0.009388195743716965,0.015056820963786244,0.006231113227729956,0.018910791174389097,0.004564921483350526
2024-03-04,-0.0010723579849281073,-0.0035681712544526345,-0.0040225160882204625,0.016174996770490724,-0.002224026271121504
2024-03-05,-0.009994093546388916,-0.01794960022456238,0.014241689051804896,0.006020141664404566,0.006157440285606164
2024-03-06,0.005067097107585683,0.006283729520251358,0.005868098146398992,0.008215401882095241,0.002427018863155883
2024-03-07,0.009926432787449091,0.015178070365991614,-0.0009374336095177016,0.005683843351386164,0.0016842770237124327
2024-03-08,-0.006002115368710204,-0.014434930717442618,-0.0017726942879850993,0.008452547868211147,0.0007355385506453427
2024-03-11,-0.0008599039041066181,-0.003712819759944641,-0.0005223587751791436,0.00183502012710135,-0.0012602229088621852
2024-03-12,0.010757309987661667,0.01433522383730601,-0.008361220349194398,-0.01094062729637224,-0.004100319341874936
2024-03-13,-0.001567641011001264,-0.007686139977966078,-0.004848126949191567,0.00700740378557585,-0.0022170430224104365
2024-03-14,-0.0019766614559995066,-0.0025213360980850252,-0.015356955833374486,-0.004175139558116325,-0.007406948605337194
2024-03-15,-0.0068664999957464,-0.011886734170846402,-0.0003228110222964764,-0.00319440663913817,-0.0017052852309693556
2024-03-18,0.005943123154694696,0.009537326583533012,-0.003012473927700987,0.0016022835845583838,-0.0011745597662056184
2024-03-19,0.005557165715610379,0.002491518494035505,0.0028057101648946148,-0.0011498061737871268,0.002886147915551307
2024-03-20,0.009249159002594265,0.011856534488954962,-0.0003225275478945244,0.011911859798154678,0.002345381810457736
2024-03-21,0.0033047288904148875,0.0047322820955730815,0.002152950798542941,-0.0010386361790747367,0.00010622502741908235
2024-03-22,-0.001895768073362003,0.0011439009842966197,0.00956066943124223,-0.00802096899240623,0.004891807344140853
2024-03-25,-0.0027627621472892105,-0.003629135295151853,-0.005001152324662472,0.0031944066391380588,-0.002645789779297969
2024-03-26,-0.0018470246950392788,-0.0032376941994981534,0.002780479343043929,0.003233961285236564,0.0014853699116537111
2024-03-27,0.00840384072798761,0.0034060161921454224,0.009917868964407273,0.007240660177973313,0.003814225731900933
2024-03-28,-0.00019115305468342392,-0.0018433526577071868,-0.0008448643044383086,0.012900024807739996,-0.0009500880694642833
2024-04-01,-0.0017398073507987055,0.002117078459551003,-0.018641077074732282,0.010208079384865787,-0.009047975373091877
2024-04-02,-0.006358100127381028,-0.008630349846122098,-0.00551034545236595,0.014772360490971526,-0.0021382131847539343
2024-04-03,0.0010985988534895075,0.0022445000296535955,-0.00021761588137703125,0.008772374739768773,0.0011783759413479533
2024-04-04,-0.012206095559229024,-0.015290808091195873,0.007172395182951208,-0.005734705223284009,0.003424740895964895
2024-04-05,0.0104468346026243,0.011784020521094174,-0.01391860381918164,0.017114197447370305,-0.006612593305088232
2024-04-08,0.0005593091982940557,0.00029521365404527877,-0.00010972082998994548,0.00622848536623688,-0.002254901758340311
2024-04-09,0.0011567576165172344,0.0036995267039736657,0.009301992365224443,0.005497054993034878,0.003981630993896035
2024-04-10,-0.010013104815107532,-0.008728619857657272,-0.02179352713805416,-0.009463856185613961,-0.013290571196108436
2024-04-11,0.007547025911031957,0.015968232493124956,-0.004544221416388217,0.019433247203493043,-0.0014120860614952324
2024-04-12,-0.013803215473401242,-0.01594181269228301,0.005344637506800254,-0.013239324939518515,0.004133640927738824
2024-04-15,-0.012528034459213688,-0.01645095865438062,-0.015505943174171422,0.01871915519396472,-0.006391438754932199
2024-04-16,-0.0018238320153739496,9.271867491689179e-05,-0.006637113969199415,0.0012220152803359419,-0.003925118515732073
2024-04-17,-0.005918208324327434,-0.012201334194042013,0.011098615838134096,-0.007368252752093185,0.00634870628279649
2024-04-18,-0.0020576684461044437,-0.005706238907275507,-0.005040276967649304,0.0034154561341945833,-0.003480615005362453
2024-04-19,-0.008728434435665178,-0.020689254716611538,0.0036021461858122272,0.003131535140574959,0.0013098009086189855
2024-04-22,0.009209159603986494,0.010056687209094584,-0.001682320924589642,-0.02470249054532203,0.000108832594505337
2024-04-23,0.011866617014163916,0.01492281511054494,0.00033676473666877094,-0.002458663172418052,0.0013079452272530823
2024-04-24,-0.000474650471096294,0.0033877430015127885,-0.007075956975974629,-0.0018600907225296837,-0.0030478250489258674
2024-04-25,-0.0037989448045540053,-0.004829862053288503,-0.007013525804911991,0.005963468053189924,-0.0038214968303771357
2024-04-26,0.009473829902132858,0.015431749296400232,0.005240252868202511,0.003241927353549112,0.002740216663988937
2024-04-29,0.0035416292421754925,0.004060338875872649,0.008386344246675836,-0.002031218037689575,0.004044207701616287
2024-04-30,-0.015841325203145407,-0.018856230140034458,-0.008541222118698566,-0.019937078844561418,-0.004680970836737908
2024-05-01,-0.003247077167387591,-0.007230524808827132,0.007370937553189627,0.00906215232545482,0.003959975511038882
2024-05-02,0.00935331726786992,0.012763454579080902,0.004291036490963629,-0.0030870874411647042,0.0046983731012013585
2024-05-03,0.012395443559196417,0.020098453779763936,0.010118963460748365,-0.0007976266365629092,0.005546488872431032
2024-05-06,0.010326691435011304,0.010953308185043475,0.0038960396025653488,0.010518361024399514,0.0008652879408834746
2024-05-07,0.0011034265646265862,0.00015890570724752529,0.00609807963080633,-0.004600326433150892,0.002593529501116576
2024-05-08,9.678211320740537e-05,-0.0005904180281692817,-0.006061118447859615,-0.002941061869504713,-0.002802486230417456
2024-05-09,0.005761714514199046,0.0021814224783653913,0.0048784262747432194,0.015778607960932778,0.0030262736022397263
2024-05-10,0.0012881663914507957,0.0023582738553131755,-0.005627177098472158,0.008112513438038427,-0.0032326723613520514
2024-05-13,0.00013452034568950388,0.002307449859516364,0.00255189285833346,-0.011202103844459854,0.0011893015676698315
2024-05-14,0.00458803467962654,0.0064321137382241655,0.005644710365549033,0.008462045119477013,0.0029154815536487355
2024-05-15,0.012383016136922498,0.015630332201961306,0.013647465899215616,0.012838750510223873,0.007536583082345727
2024-05-16,-0.002057648800578682,-0.002031398393458228,-0.0009769121238175638,-0.0038933433506626036,-0.001923507479806963
2024-05-17,0.0014376665303006408,-0.00048682780229569733,-0.0067383971229546535,0.0164977725898805,-0.003104788070229847
2024-05-20,0.0011520663491471073,0.006972808800970398,-0.002954519933451749,0.004023937591649318,-0.0015038617324719672
2024-05-21,0.0024526293065789684,0.001956427776752534,0.005157806387388497,-0.001469548604570936,0.0025815344108932603
2024-05-22,-0.0028792144298701583,-0.00019746308053658623,0.0012011950028960605,-0.01837396956557802,-0.001287220009969725
2024-05-23,-0.007304330438451911,-0.0044984250327447795,-0.0064341816833772825,-0.019944570339717638,-0.0035450220124174647
2024-05-24,0.006616277132521553,0.009456352655899725,0.002963415545760073,0.0009271136061119734,0.0012936442010171856
2024-05-28,0.0006990624966618508,0.0037776194158711807,-0.014335806971101706,0.010513172896031486,-0.005598309636691945
2024-05-29,-0.007002701785930321,-0.0070483338896799586,-0.012101566467586533,-0.009303812074716977,-0.004872286955360017
2024-05-30,-0.006633747459067085,-0.010713288327868331,0.009665125619980897,0.0018967600627461945,0.005004905213495947
2024-05-31,0.00910828722778323,-0.0018602438139676547,0.006789840537054781,-0.00586417430627717,0.004654685432351036
2024-06-03,0.0008152391819058469,0.005369235875157585,0.01617437285443324,0.008917780500373507,0.00655006513948897
2024-06-04,0.0011179275456751903,0.0027366030473030545,0.011681239828567058,-0.008977059834655465,0.005476079372803699
2024-06-05,0.011885200623485082,0.020159757828400737,0.00733807381257634,0.011845603201319,0.0036309847822297847
2024-06-06,-1.8686531899514414e-05,-0.0003450950623953286,-0.0014997929968514345,0.007391356612921562,-0.0004257072706609355
2024-06-07,-0.0012157050190024776,-0.0008849321569788238,-0.01834569412497622,-0.03568330143379639,-0.010538729137167246
2024-06-10,0.0030897947930521585,0.004039294405418836,-0.0066666617642138215,0.009168181127878317,-0.002151676371418665
2024-06-11,0.002408218984282673,0.006862664123689077,0.010342314384222284,0.0028566106093961263,0.005283153605972535
2024-06-12,0.008213141447610983,0.013097752241512106,0.007513730583354583,0.0026617200115086614,0.005576868694541215
2024-06-13,0.002013402252837526,0.005420258627007124,0.01469948539937671,-0.008150148984962247,0.006612572292040042
2024-06-14,0.0006082746199471689,0.005181248119068282,0.008414981779947706,0.012959545903254766,0.002331158976534242
2024-06-17,0.007958795373625316,0.012249786086864,-0.00992918765028361,-0.005191652247571676,-0.004651123147122904
2024-06-18,0.0025408275917200296,0.0003092739391528099,0.00917539449772442,0.004007271832187298,0.0043540767218315235
2024-06-20,-0.002716430584320695,-0.007708005808758522,-0.006660682473650259,0.012484347826456466,-0.002537517801475375
2024-06-21,-0.001340720179602073,-0.0026792542326475877,0.0,-0.015493238109986152,0.00021175543137696984
2024-06-24,-0.003250529830150617,-0.011384664151378399,0.004044529117109619,0.003957566385821121,0.000848075838737028
2024-06-25,0.0038507372222389424,0.011435543662476233,0.0016959730113572657,-0.004962237629221655,0.0008471811596206802
2024-06-26,0.0012481518282372317,0.0020651264578768203,-0.014285761330087299,-0.009228168111804491,-0.006031144318426662
2024-06-27,0.001576587282724029,0.002581368210531787,0.003972249781581727,0.011336925587312363,0.0022355389459305375
2024-06-28,-0.003935321239167622,-0.005190871406756337,-0.018605681029099763,9.297647872519299e-05,-0.0053107172642323786
2024-07-01,0.0020579553653523597,0.005865076780287026,-0.017258941117184512,0.002604589701363791,-0.007443953329035469
2024-07-02,0.006730065299872523,0.010499650523561943,0.007785531822199099,-4.643394389247657e-05,0.003776852865852831
2024-07-03,0.004462306498951962,0.008337075794269344,0.013133183256553771,0.011273000380832565,0.006665294675247901
2024-07-05,0.005766493255406457,0.0104268527993856,0.008278800126985342,0.013486798057397165,0.005553227501521096
2024-07-08,0.0011541396402809934,0.0023782064206601117,0.0021609720850812586,-0.012402074526820739,0.0003186904419183456
2024-07-09,0.0009723302119126753,0.0008645374107900672,-0.004420092344435855,0.0016957473442755777,-0.0013802000115434865
2024-07-10,0.009895512930529815,0.010426509866436673,0.0031401122098961842,0.0036603361122538036,0.0009567352833559362
2024-07-11,-0.008622662603315678,-0.02193011821499813,0.009715026434273355,0.017733403441032136,0.0063726375584503
2024-07-12,0.00630741838079274,0.005874839717118441,0.004276215809387418,-0.0006270969301161999,0.0021108488657926028
2024-07-15,0.00274995897879049,0.0026877133478024895,-0.011496683129047058,0.0032271131671974818,-0.003159342014090516
2024-07-16,0.005930229536079024,0.00038311630557053,0.01410734344066622,0.019925798233449088,0.004437167171967404
2024-07-17,-0.014021126941729745,-0.02935482983109383,0.00021234031073791293,-0.004643206403117217,0.0008416195741798305
2024-07-18,-0.0076849439517434615,-0.004732634657848456,-0.007644141563979412,-0.006381186355259194,-0.00283767466231144
2024-07-19,-0.006640358797656565,-0.008863606867177798,-0.005884390676467177,-0.017937829186174925,-0.003161672680145111
2024-07-22,0.010309898209649893,0.014897823593120751,-0.0029052928138869616,0.00031573231212611574,-0.0009518256029082961
2024-07-23,-0.0015686751905057417,-0.0035246653044882503,-0.0014034434270406848,0.003516676143213937,0.000740751005398943
2024-07-24,-0.022662597304122678,-0.035870378542730674,-0.01080835380122891,-0.0035043524704835294,-0.0022208710168313273
2024-07-25,-0.0052101705083588135,-0.011027622762212363,0.008195021279059356,-0.01564473026582147,0.0022258142632174405
2024-07-26,0.011199675940903875,0.010255880897467984,0.007802930792218277,0.010534525866662925,0.004758821522984125
2024-07-29,0.0005876509321249834,0.002008772042007001,0.0053771332402747785,-0.0014050562105476505,0.0016842150436191528
2024-07-30,-0.005066489846381805,-0.013731353006751879,0.003850553297883197,0.009985461488319247,0.0021015331160396666
2024-07-31,0.016254880520422343,0.029593755234049057,0.010229142877460129,0.018110725786084414,0.00733976698735872
2024-08-01,-0.01416100822202937,-0.0242215475175801,0.00862472315700713,-0.003442943141866439,0.004270224845198678
2024-08-02,-0.018618463435495336,-0.023734896499460367,0.031161415962845718,-0.0019046282784819235,0.01549024527445697
2024-08-05,-0.02912361010127651,-0.029816119100375515,0.005291100662871306,-0.012691935106198704,0.0010236465568866926
2024-08-06,0.009219438172913375,0.009555081004633648,-0.0223685261066785,-0.008000713832612472,-0.008897429237227805
2024-08-07,-0.006684148306845938,-0.01082982770766916,-0.007039700791088288,-0.0006796279952806517,-0.0036116561637172806
2024-08-08,0.023117587419383634,0.03059107994823629,-0.006151960481081353,0.015688013635013043,-0.0030034526742502843
2024-08-09,0.004409665073668023,0.005222306240084684,0.009861723891017471,0.0024552612171107047,0.0040512258124980605
2024-08-12,0.0005252995176763253,0.002153519351378197,0.0036358269980749647,0.017144665770273848,0.0027934044882180764
2024-08-13,0.01644557530091073,0.02481275081020673,0.006935141463738637,-0.001532358906807807,0.004436113336332648
2024-08-14,0.003154756395283176,0.00032438907890108837,0.006270622186595132,-0.008155751250824572,0.0013354029703211978
2024-08-15,0.017140106376777986,0.0252631541066195,-0.008070279552298332,0.0031388449312386157,-0.006257073955597048
2024-08-16,0.0022420120464121673,0.0012857134871344655,0.003501534589185784,0.02238773852658915,0.001961176450019808
2024-08-19,0.0095616720445586,0.013135933925698673,0.004618233360226931,-0.0016380226467286318,0.0013390519100513476
2024-08-20,-0.0016260688565393755,-0.0020984734454685405,0.007968099262219086,0.0036699887797402297,0.004012208756579039
2024-08-21,0.0034362481296041913,0.0046640412800111886,0.0006082352615373043,-0.0013336178629832496,0.0020496896934050213
2024-08-22,-0.00784845273264645,-0.015854886118082834,-0.009926269854549807,-0.011975011209935604,-0.004601819199689383
2024-08-23,0.010625534750716925,0.010845479565178007,0.006547195536130479,0.011553425520716143,0.004623093841692016
2024-08-26,-0.0023839332592284768,-0.00970826319914686,-0.002540931736685792,0.0031893380775307456,-0.0012274672150164312
2024-08-27,0.0013731297473582593,0.0029872286664962555,-0.0017320443444903688,0.002706671669018279,-0.00040943299789719667
2024-08-28,-0.005805324216672125,-0.011347426992678655,-0.0012249064133459386,-0.007026862307456638,-0.0005120855056698348
2024-08-29,8.952697112185604e-05,-0.0014637977957066006,-0.003270252267331686,0.005177980359189593,-0.0017422029095702785
2024-08-30,0.009545996421709724,0.011919195016499184,-0.010663491069618614,-0.0071260085162319076,-0.0034901476781671326
2024-09-03,-0.0205787957853677,-0.030360697418572835,0.01635535041989522,-0.0043235765879541255,0.006592098419123671
2024-09-04,-0.002046808041376802,-0.0025985712565765873,0.012890103130538844,0.000607926500195255,0.005850807948784897
2024-09-05,-0.002432308330522437,0.0009336783109326063,0.0056559251226953045,0.008332306942507639,0.0023471551798277535
2024-09-06,-0.016830059251654927,-0.026787343464141244,-0.00010046499146376675,-0.007402630408956501,0.0014256274610169317
2024-09-09,0.011196119760345846,0.012859790068536991,0.004318839153860887,0.004205876079289794,0.001423262937065628
2024-09-10,0.004355727613304827,0.009241651378250948,0.007001011925527267,0.004404097525005923,0.0042638040478331085
2024-09-11,0.010258872609420822,0.02171542746579136,-0.0007945317027662213,-0.001590555949419148,-0.0007076029888377633
2024-09-12,0.008423478368637216,0.009816159397529889,-0.004671554431610381,0.017567284525531468,-0.0016186306782807192
2024-09-13,0.005222532049163453,0.004479868125861541,0.0026962829439414193,0.009943683944142245,0.0019250888923130205
2024-09-16,0.0014768052637614826,-0.004417914367365827,0.009162303773496472,-8.374817448153493e-05,0.0026292793583491125
2024-09-17,0.0004087470306581853,0.0005282093507521513,-0.004835554725536539,-0.0055309113549146804,-0.001815311517410767
2024-09-18,-0.002965737010842795,-0.004329538043233994,-0.012396080876585058,-0.007710465405288858,-0.004345125389973337
2024-09-19,0.01706424515871352,0.025284250851511425,-0.0033135920081713843,0.01554075728197235,-0.0008120691552173653
2024-09-20,-0.001728617192906845,-0.0019033634423815116,-0.003828502232027242,0.012710660066880486,-0.0003046583780510481
2024-09-23,0.0024988464537973876,0.0026508316903728346,-0.0021234768650610913,0.0019404068737312041,-0.0006094187462596379
2024-09-24,0.002861248990045917,0.004823538449425735,-0.00020259389403953776,0.01396907347432852,0.0011180746269168207
2024-09-25,-0.00220536751279532,0.0009270598897057614,-0.008312254373727623,-0.001381767735031958,-0.004062067412951786
2024-09-26,0.0039646768793273335,0.0075131198637650165,0.0023510262518209313,0.005086884066794806,-0.0007135679464101985
2024-09-27,-0.001450509096614594,-0.005557164048262786,0.005200829040858501,-0.007935830791900744,0.0039792482945357754
2024-09-30,0.004007424142493221,0.0027120543311762724,-0.004768237013041632,-0.007999374253898295,-0.002744099933965738
2024-10-01,-0.00895843135052643,-0.013932571055342624,0.007219863194906084,0.010491249392624136,0.003638979393221442
2024-10-02,0.0004220236379359754,0.0014129942232512516,-0.008427155484563298,0.00020358719772617384,-0.0028516754032164027
2024-10-03,-0.0018279976395086939,-0.0007469363628748171,-0.009420395566160589,-0.0006920058878576718,-0.0051067566667444275
2024-10-04,0.009087005124093883,0.01189801819270353,-0.012300964214752685,-0.001996030315693287,-0.009650141170574056
2024-10-07,-0.00904015782132983,-0.010711672982314902,-0.007535249199246197,-0.0033877625757333663,-0.003627936970789225
2024-10-08,0.00945750101671683,0.014934718970695648,0.001686989658050475,-0.007371925565205384,0.0008323109609458257
2024-10-09,0.006926469369018973,0.00786845115734347,-0.005684798787559897,-0.005446185963701722,-0.0037421991979745828
2024-10-10,-0.0017502709473956601,-0.001135547533420267,-0.003917337971728663,0.007342892553628744,-0.00010429996979843814
2024-10-11,0.005988364682532499,0.0015630669344983694,-0.004039081934414046,0.010913408354139564,0.00031318968263693847
2024-10-14,0.008178293433608763,0.008391423844988699,0.000747030860233755,-0.001629502157067031,-0.001773414716591648
2024-10-15,-0.007769661100431091,-0.013366854096475422,0.012157659110975327,0.003468359323146597,0.005120769015780846
2024-10-16,0.0043464371945425295,0.00012227400795872256,0.004214312444332791,0.005001609209081437,0.0015593955932984294
2024-10-17,8.589626262245353e-05,0.0006925922364304782,-0.015843033954460517,0.00598831083503093,-0.0051905175041621066
2024-10-18,0.0038464495454269,0.0065547308902624835,0.0007462344413526889,0.010618185005034864,0.0011479336123583206
2024-10-21,-0.001642085586487707,0.0019213229732646386,-0.017470852357438282,-0.00019900127714245208,-0.007713234188700402
2024-10-22,-0.0005312147796041611,0.0010898795724718635,0.0009757893519237726,0.01078732362833379,-0.0009455279607604172
2024-10-23,-0.009137361442768999,-0.015323847990289075,-0.0027077837316245024,-0.012050555849465017,-0.0023129022933935373
2024-10-24,0.0021627712512073405,0.008108898361541828,0.006407936744821985,0.007693259346016168,0.002212920042563571
2024-10-25,-0.0003455078960682423,0.006093568489282886,-0.005611900350397714,0.0020569789010425055,-0.002208033840223833
2024-10-28,0.003091558131063099,0.00016145710028259153,-0.0027133439069016996,3.945407605776552e-05,-0.0023186970146743535
2024-10-29,0.001618420450022695,0.009608534399511592,0.0015235813585487978,0.010894858433216914,0.00042252951676680084
2024-10-30,-0.0030253149285649483,-0.007557655824510179,0.0029337301747680566,0.005505891218995584,-0.0014777950881005308
2024-10-31,-0.019603101890180663,-0.025242831680748257,0.0016253823741267936,-0.015495166963743978,-0.0005293715669015819
2024-11-01,0.004220417054029646,0.007398918655809439,-0.014098572002542498,-0.0041023758773532926,-0.0059212394081559205
2024-11-04,-0.002154101765589278,-0.002913153763294818,0.015522122410611239,0.0014259144001700363,0.005337509303357857
2024-11-05,0.012091925857900865,0.012756963609997118,0.005311390778741876,0.002254447895034817,0.000531282357356444
2024-11-06,0.024865733075589258,0.02716310758878926,-0.027388264810625507,-0.030386729020158154,-0.01029523439880431
2024-11-07,0.007732138749978912,0.01574429782438047,0.012527801055213228,0.016076503855530166,0.008043028688748732
2024-11-08,0.004331669349693978,0.0011685352617072375,0.012700855125197474,-0.006769426092267161,0.002127578395218377
2024-11-11,0.0009529553830236459,-0.0005835557429599847,-0.004865148726904134,-0.02347155656813127,-0.00276004938047536
2024-11-12,-0.003106436352157016,-0.0018100011764228263,-0.014993318642497755,-0.008631355179477884,-0.006280731390756467
2024-11-13,0.0004857195522467439,-0.0012866854086897028,-0.009486150495906176,-0.010081225320474285,-0.0006427004118738644
2024-11-14,-0.00642996711404431,-0.006949694563313513,0.005790778080404069,-0.0026091417886487944,-0.00010708322156882666
2024-11-15,-0.012808873095525697,-0.023825985434052344,-0.002657384798791518,-0.0017720694429753658,0.0004289932361802862
2024-11-18,0.004097457574268049,0.006947752295003218,0.001776034637773538,0.019020246289590537,0.002250042227228466
2024-11-19,0.00365552745244746,0.006879613809950058,0.005097860827675049,0.008959325127211537,0.0021383575557956114
2024-11-20,0.00033882283447983497,-0.0005759338082259591,-0.003197268559976596,0.005632045702723465,-0.001493699998331377
2024-11-21,0.005368147546016111,0.0035972541698325866,-0.0007747222188410063,0.008339500390982302,-0.0005340498326938947
2024-11-22,0.0030996230785129697,0.0016039308074178305,0.0005536712110754127,0.012892210445830665,0.0006413072794153596
2024-11-25,0.003392034648267206,0.0015816969070789888,0.025887862196504186,-0.029458856541118794,0.010790695054014643
2024-11-26,0.005221492547420548,0.005369118867815326,-0.003882169503406696,0.0019383092584315254,-0.0021139473442329804
2024-11-27,-0.0030302312032725043,-0.007873296382444717,0.006928641894997423,0.002222714763140843,0.0040250519762330406
2024-11-29,0.006212147755142894,0.008786842078480461,0.0103212268113122,0.008624546377060671,0.004219779604649032
2024-12-02,0.0017923219600943785,0.010887852288115063,0.002403067219313826,-0.008754403389975018,-8.430074169163415e-05
2024-12-03,0.0004639596457520767,0.0030663477330361566,-0.008629283820215772,0.002012776164397767,-0.002845303872156313
2024-12-04,0.006209419772410518,0.012362781725980154,0.010745990245610626,0.003033679807253664,0.0038043335721393845
2024-12-05,-0.0016456131830735465,-0.0027710563441453173,0.0020199756852505857,-0.007397709454119217,-0.00010511308552196841
2024-12-06,0.0018956671802545788,0.008949547919473444,0.001485375031386349,0.0003705687954560499,0.003158881420748827
2024-12-09,-0.005149516166978119,-0.007787495086753915,-0.009217103948183203,0.009919751769426055,-0.0034635706858635595
2024-12-10,-0.0031091723475737965,-0.0034074336074513267,-0.004704724095295765,0.01316431251835759,-0.0017908559213075659
2024-12-11,0.007730565645738041,0.017902366409242587,-0.009454457833033003,0.009533812345188464,-0.002954597430608774
2024-12-12,-0.005152585929971143,-0.0064538436282386424,-0.012147480086743268,-0.014663722649505995,-0.0038100869247893465
2024-12-13,-0.00019849142384786855,0.007654429444666322,-0.010210517805666619,-0.012091578404740733,-0.004674024595692883
2024-12-16,0.004269911396961534,0.014400725324120511,0.0029949088470411223,0.002415209844427002,0.00031994239642774147
2024-12-17,-0.004120137135518287,-0.004404032030197791,0.00243287435377626,-0.0038386247250202787,0.0
2024-12-18,-0.029803382286777036,-0.036076812780657996,-0.012504107417659727,-0.01918507783771317,-0.007728858545504647
2024-12-19,-0.00030727643376138314,-0.004453307055548361,-0.015141421919897757,0.0014210967336203417,-0.004531423572935567
2024-12-20,0.012011116491433382,0.008732643176945665,0.005694120415872028,0.010434056495473909,0.0036849725445780024
2024-12-23,0.005988445688672739,0.009742618463785435,-0.009172502044854869,-0.004708795377563968,-0.004427362369853527
2024-12-24,0.01111496571409143,0.013559876548146166,0.004228764440979971,0.001992014086009908,0.0005424567492888777
2024-12-26,6.65501538725799e-05,-0.000679336712110068,-0.0005689952284604338,0.006751179863859091,0.0007586925510010278
2024-12-27,-0.010526436712376186,-0.013293166974075676,-0.008198495321331878,-0.0068705038771271765,-0.002599649866461329
2024-12-30,-0.011411786252158107,-0.01330004610304536,0.008036542977587269,-0.0031896811646235923,0.0058646123705059505
2024-12-31,-0.0036378598541576546,-0.008494601670501645,-0.005352744927114794,0.006233636577161361,-0.0018355674196138816
2025-01-02,-0.002457066638973049,-0.001956075678947844,0.002748196140636816,0.013587714119632333,0.0005406377783210292
2025-01-03,0.012503262655590985,0.016365056778381515,-0.0031977386588707413,-0.007864039973028869,-0.0016213887859498621
2025-01-06,0.0057607274282496235,0.011492919950099711,-0.004467878250435264,-0.0012320959587239777,-0.0009746070030737242
2025-01-07,-0.011303996052868137,-0.017844268965415355,-0.011277245663893876,0.005633435188264313,-0.004552367839787741
2025-01-08,0.0014610446421614576,0.00017485579618625735,0.0012802568467500386,0.005315681488123669,0.0017420988499348145
2025-01-10,-0.015267543063221312,-0.015681106852522442,-0.006625584446818822,0.009558310004399662,-0.007282440795677192
2025-01-13,0.0015503611684326568,-0.003213716902189301,-0.0003511976377681414,-0.009951255605703757,-0.001752004970398735
2025-01-14,0.0013762629168487805,-0.0009494781306232936,-0.0016387289217002499,0.005249423200524461,0.0003289547663101189
2025-01-15,0.01818976352516377,0.023006293402236144,0.01723547483074439,0.007488993695735191,0.010526302641995944
2025-01-16,-0.0019231528367921191,-0.007005905233978038,0.0032274989614367033,0.006910965874952435,0.002387245470104604
2025-01-17,0.010039902527342326,0.01687810538191692,0.001723074007816905,-0.005307269747253374,0.0007578011506528259
2025-01-21,0.009153611205534817,0.005865044230318084,0.008946098819615722,0.01548521901629396,0.003353133542899789
2025-01-22,0.005621461947495243,0.012785915328592967,-0.005229234300228924,0.005135652699768123,-0.0025873186039409024
2025-01-23,0.005457860338953013,0.002126006214550946,-0.007770244648570679,-0.0014148699521492336,-0.0025938543021617466
2025-01-24,-0.0029191658173143287,-0.0056509345572137715,0.00449135726604899,0.006218705580030903,0.0020587898688846362
2025-01-27,-0.014145371801854822,-0.029114684279049174,0.011809387445943065,-0.0104048052682425,0.006488537931136351
2025-01-28,0.00859247042376432,0.014779864944458598,-0.0006799098777362511,0.008656417783572623,0.00010752964539872956
2025-01-29,-0.004483083404376087,-0.001877881825660288,-0.0020412105470120068,-0.0038404097330004827,-0.0011817373803489906
2025-01-30,0.005367070386180783,0.004262108391268615,0.0037497491798765825,0.01514551884715587,0.0021510680032068574
2025-01-31,-0.005321755444878562,-0.001453036929474294,-0.006565673283230877,0.0019763991077348386,-0.0016098162989489628
2025-02-03,-0.00672971782919185,-0.008003096788047781,0.008141859722021305,0.005337271410283728,0.0007116515090843656
2025-02-04,0.006708474732966652,0.012275361548277353,0.003062831636170049,0.00984841707528572,0.002478869733297806
2025-02-05,0.00405456275337146,0.0045380598155841945,0.0165100390618782,0.006209542410714253,0.005804923124462347
2025-02-06,0.003475607608185882,0.005219696309215038,-0.00044496942804173045,-0.0026502562908058414,-0.001175574643268451
2025-02-07,-0.009153558359977665,-0.012613368449871265,-0.006455338867487281,0.0017841598670260694,-0.0033171979280813835
2025-02-10,0.006791099192188899,0.012105064680324684,-0.0030241979847115408,0.016938239196991,-0.00021482336982192596
2025-02-11,0.0007604748177987286,-0.002380694289970231,-0.006404519976431988,-0.0036516022155236305,-0.002577214980839404
2025-02-12,-0.0032213625730350692,0.0005868403810467271,-0.013570309714675433,0.0010471549570203464,-0.006890622222051501
2025-02-13,0.010557414878431537,0.014385975489603187,0.016622791037943507,0.009862831092105617,0.0074804231749092676
2025-02-14,-4.899288490622933e-05,0.00419870753746765,0.005299983691647858,-0.014871773334245608,0.004196907651973003
2025-02-18,0.0029356341791517693,0.0022669378765327597,-0.011777884029582575,0.01656090548123368,-0.005358138606757046
2025-02-19,0.0023549656556058896,0.00027816620978238227,0.0012486906677999787,0.000554096378723612,0.0016160746608142595
2025-02-20,-0.004160422225742089,-0.004244730045244172,0.0037409362231519694,0.0005168326664386491,0.002043550615324685
2025-02-21,-0.01710396384096924,-0.02075454421633227,0.012084951571636138,-0.0009225433005247696,0.005903981232626698
2025-02-24,-0.004550606828835568,-0.011804082916929581,0.002901384263346962,0.005429568123388684,0.0021341282928046823
2025-02-25,-0.004973028287862946,-0.01259934227583348,0.017247108990228188,-0.013188334192659745,0.007880011641976381
2025-02-26,0.0005048990709795032,0.0024155837886423726,0.005906866712409364,0.0015263333689308212,0.002746950715041052
2025-02-27,-0.015961979068096488,-0.027771394524375492,-0.0070681017365199494,-0.015239958822878874,-0.0011589384732023644
2025-02-28,0.01560552188516362,0.015791521798636188,0.012265832457518222,-0.006265820058134697,0.005485293868533914
2025-03-03,-0.017519912848197983,-0.0218824743274727,0.0046666482483666005,0.013180390342641513,0.0036298224373567667
2025-03-04,-0.011836837733235739,-0.0030177572511563833,-0.012314758822568717,0.008697635934455272,-0.0031450659885661203
2025-03-05,0.010747773049082143,0.013036021115280683,-0.007984225728567718,0.0020813110966888537,-0.005573555281061626
2025-03-06,-0.017751154657069668,-0.027509412797484978,-0.0033076588719740396,-0.005081207410422395,-0.000528707346457824
2025-03-07,0.005605003514265405,0.007353556116459936,-0.0032079845095431825,0.0005219558189655249,-0.0012699282513213284
2025-03-10,-0.026635625916893613,-0.038756397894258776,0.01043152537369929,-0.008755937163287819,0.006992415637006033
2025-03-11,-0.008312883898723533,-0.0023903571455282657,-0.007138748542835915,0.011727541035094546,-0.003577050416399441
2025-03-12,0.005306567271615936,0.011280777454300006,-0.005973634670637384,0.004346793335703092,-0.002956652583587127
2025-03-13,-0.013330576127879135,-0.017990386810303072,0.008791531467221558,0.017756144523255468,0.004024376635269666
2025-03-14,0.020655846459250116,0.024170431370829304,-0.005295264098968078,0.00039975774946587883,-0.0034807621083726703
2025-03-17,0.007711466552019708,0.006483669682431303,0.004990833504574521,0.0054135329342379634,0.0008468878327281271
2025-03-18,-0.010808552121471915,-0.017047344805643738,0.0009929936728954036,0.011671955843306048,0.0011632074764109657
2025-03-19,0.010890711945239495,0.013381434105669499,0.00518148882602909,0.004107707999658539,0.0030631447933457956
2025-03-20,-0.0028915276593549644,-0.0033896673166102786,0.000658049328465804,-0.0012805854303336028,0.0014742642900844594
2025-03-21,0.00032983069351377736,0.003296759199296284,-0.005918370412869467,-0.008049901213267985,-0.0008411965910959385
2025-03-24,0.01790851112775793,0.021944368604828846,-0.010253742503119612,-0.004452548665506595,-0.005788138044811375
2025-03-25,0.0024037380720982604,0.005706524221397613,-0.00011142783316397953,0.004400365088198743,0.0016936124597966007
2025-03-26,-0.011938222842513446,-0.01840061002326654,-0.006573065945813639,-0.0008259812019960622,-0.002324694395667959
2025-03-27,-0.002655674108104966,-0.005698054811375641,-0.0029157026499350147,0.013405732882559862,-0.0008475156287998109
2025-03-28,-0.02013843519279468,-0.026327821447878152,0.013834247082194828,0.007412123023167849,0.008056856232307563
2025-03-31,0.006713055887602737,-4.261749171119433e-05,0.00987338236368318,0.014363222998346137,0.002944582352883085
2025-04-01,0.0028242461901459848,0.008061137691985687,0.00866580718160015,-0.0019782303576065807,0.003513237326384866
2025-04-02,0.0063283067681381144,0.007298463251382614,-0.0006560478091175437,0.0020516615880092903,-0.0009431939036651515
2025-04-03,-0.049280630772377654,-0.053533656387892425,0.004593837833896552,-0.006038278082531101,0.0102821629799843
2025-04-04,-0.058543043984177645,-0.06210882892171765,0.010887203915300736,-0.02339226273628292,0.00280401380934725
2025-04-07,-0.0017811294100512631,0.002413241582797765,-0.030156190707009256,-0.02148580630415131,-0.011909679586741051
2025-04-08,-0.0156628970820738,-0.01800849752587219,-0.01887840725462986,0.005443793790763651,-0.005030966161125416
2025-04-09,0.10501928895109303,0.12003081852824549,0.005885706703483429,0.03699125081478161,-0.0031602529764886977
2025-04-10,-0.04381908281500724,-0.042532205946777424,-0.02756846124270307,0.0244235794430141,-0.006234740165065422
2025-04-11,0.017842849926057003,0.018422975161871857,0.005438700416449116,0.019086664805096243,-0.0056357379714446765
2025-04-14,0.009701544310149135,0.00677823608583461,0.0071356213417250736,-0.005705977012200658,0.0080203906805707
2025-04-15,-0.0028009570003554307,0.0011148081252354558,0.0035423931494347194,0.005232379352138938,0.0029704492764976997
2025-04-16,-0.022227995474396134,-0.030153507044735517,0.005579355477520975,0.0325408102664011,0.004336871972786982
2025-04-17,0.0014268371206644925,-0.00018011073008639134,-0.008832513562829769,-0.004390692094044635,-0.0028435858812517756
2025-04-21,-0.023802586359008893,-0.024746667610471285,-0.017479626204959353,0.03093558529908469,-0.00538665783449821
2025-04-22,0.026017707609816698,0.026252032583137908,0.005581534992076254,-0.014195668551963636,0.0007433862889059117
2025-04-23,0.01549547679367791,0.022678150241908,0.009713188141269313,-0.023978630729734163,0.001061215977639085
2025-04-24,0.021048917134121048,0.028137166754721887,0.010535787770393767,0.014556277018207942,0.005405900090824645
2025-04-25,0.007225320685248393,0.011147869765061325,0.0073664202348575625,-0.010841679678267213,0.003795501848413929
2025-04-28,0.00038131807369912174,-0.00031741005865071337,0.006299743056893181,0.01424210344049559,0.003991045062477827
2025-04-29,0.006299374906016286,0.006604498399481518,0.008384578533919385,-0.009738925467677184,0.0034522342540304063
2025-04-30,0.0003969200081936908,-0.00012620977394317556,-0.00809314188378929,-0.007482221012837353,0.0015637758678128666
2025-05-01,0.007086787382727833,0.013060777063517381,-0.005070384858030352,-0.02077228754256477,-0.004354651709676527
2025-05-02,0.014844112212497818,0.014843838429777767,-0.01082426029807082,0.0017481999132260562,-0.006712584199115468
2025-05-05,-0.005734113690405773,-0.005932556033219738,-0.005585378504837757,0.029867754776654154,-0.0017952070737166093
2025-05-06,-0.008358490505789407,-0.009301682951692758,0.003323905388282755,0.02802400275899264,0.0025387029588337384
2025-05-07,0.004205422345478382,0.003925805884480882,0.004227363335502776,-0.014993060801348546,0.002638001189703365
2025-05-08,0.006967816639476876,0.010325039712424156,-0.011149153446686322,-0.0196942722998793,-0.007787732598208086
2025-05-09,-0.0012740913959354838,-0.0006554869241172101,0.0014958594085987542,0.007254674259445482,0.0007424007472585092
2025-05-12,0.033047474409526156,0.040740263777226726,-0.009304916243192185,-0.028190568373488878,-0.006359419893911422
2025-05-13,0.006603869472230128,0.015240871514196508,-0.004058417544010262,0.004258992599597278,-0.0007465122194879603
2025-05-14,0.001278190178289007,0.005992969103806534,-0.006636490683478713,-0.021037827999516923,-0.0037360357536854183
2025-05-15,0.004884164117122447,0.0010990984315149,0.008790493120708565,0.015963953531585195,0.006535848677144074
2025-05-16,0.0063341153643989845,0.004352191845969244,0.002672308415785807,-0.012087047232674286,0.0003192988938727215
2025-05-19,0.0010938207948751888,0.000958802909138079,-0.00289710885111949,0.012880671121226372,-0.000531852446346015
2025-05-20,-0.0033621577891223,-0.0033331886626655205,-0.007205219950999431,0.0186222454642182,-0.0012779806366000068
2025-05-21,-0.016850859230970072,-0.013896654719940282,-0.017090068145424797,0.007378683875855163,-0.006929782594635947
2025-05-22,0.0003947301607376552,0.0018712960255318212,0.005240116626670233,-0.008861493387459118,0.0037574664118213974
2025-05-23,-0.00682577549886576,-0.009260823186937772,0.0016586577375832245,0.021906288045034472,0.0028878153681894947
2025-05-27,0.020790453816979637,0.023525207491317257,0.013956308470620238,-0.016949152542372836,0.004159096739851487
2025-05-28,-0.005785334582506851,-0.004431865327271023,-0.0043158365853199765,-0.0022660178699712707,-0.0027613322013455566
2025-05-29,0.0039474266243269,0.001965786511609169,0.00925475719001545,0.0059247154716217665,0.004153510190599841
2025-05-30,-0.0011184442562377495,-0.0015773140739706593,0.001509040988938004,-0.006576942326457891,0.0029693733995783678
2025-06-02,0.005632907541234244,0.007898319967412748,-0.009306658014724856,0.026581051258171673,-0.003394750087598264
2025-06-03,0.005702690256559784,0.007816945496833538,-0.00176152133886609,-0.008855551213511115,-0.0009579111603044144
2025-06-04,-0.00026845053556867615,0.0027878859294374614,0.016233378813677923,0.006441974072654677,0.007351908993448175
2025-06-05,-0.004832782457632745,-0.007526905817360152,0.0006947073611798249,-0.00504987891618125,-0.00296164056640269
2025-06-06,0.0102688965220612,0.009775312763678379,-0.012724099252996224,-0.013416073696802311,-0.00795656963315372
2025-06-09,0.0009011883528189379,0.0014720363493916366,0.0010542384403700034,0.004718534884218695,0.001817917250592327
2025-06-10,0.005669725968590722,0.006613906279393067,0.005149938536038512,0.000293510988597534,0.0017079264526416171
2025-06-11,-0.002852060951241242,-0.00336958528057385,0.003027523884070904,0.005412290790508978,0.004156111317692446
2025-06-12,0.003974445922308334,0.0023478179442990577,0.011957375174590723,0.0124202002480438,0.004350878016056825
2025-06-13,-0.01118007341294125,-0.012554685068653648,-0.009636466227885276,0.013100564311248064,-0.0036979483871372176
2025-06-16,0.009514064635483432,0.013909854856728021,-0.01007749916267775,-0.01425909653729851,-0.0028637451528420454
2025-06-17,-0.008545080602244903,-0.009751236371642769,0.012169326758316723,0.0005131941200071655,0.004892638452264286
2025-06-18,-0.00015056814553315867,-0.00017024051840386356,0.0017342330932796912,-0.005385627565021256,0.0006349009368051828
2025-06-20,-0.002348489797368125,-0.004082986130173438,-0.0018465281508232012,-0.00041901914110908933,0.0006345828060674297
2025-06-23,0.009877444897673726,0.010282294601469122,0.0032371922836234024,0.0030631724583116693,0.0034887962738539002
2025-06-24,0.011047197962439359,0.015292076656950204,0.007260761309470398,-0.015719378751237634,0.0034760763388648197
2025-06-25,0.0005602465941441093,0.0025565346837599368,0.0012584962345756345,0.003037305817845004,0.0004197734921405072
2025-06-26,0.007823775718701187,0.00935020786802343,0.005028026517113204,-0.0011070472235482631,0.00356771202965378
2025-06-27,0.004968325019594655,0.0034236158759575197,-0.006367274882690732,-0.018123728993798327,-0.00261380944513534
2025-06-30,0.004781180722152056,0.006477103548056196,0.009840849869417134,0.01198454729743359,0.003983462660557713
2025-07-01,-0.00032351675428288207,-0.008429472747991884,0.002479399150343564,0.008923010663382636,-0.0018540432836443577
2025-07-02,0.004533404674952779,0.006965410308793718,-0.006353196456242882,0.005527596405484614,-0.0020988574246453284
2025-07-03,0.007881427215950865,0.009840048822782776,-0.006965184359864041,-0.006822911403597365,-0.0034704154138295307
2025-07-07,-0.007452173445063215,-0.0075326699250128915,-0.00954368860416821,0.000748780548875283,-0.003165810560228133
2025-07-08,-0.0005477000385931685,0.0005613752081687906,-0.0012769191611515796,-0.010443411868664265,-0.0014820758493897523
2025-07-09,0.005996587938471132,0.007079041318705848,0.010461396353104169,0.004471282664348264,0.0051950494463717245
2025-07-10,0.002820322460502789,-0.0014382709964962936,0.0006902305691955934,0.0022257895319868215,-0.0005274550278067114
2025-07-11,-0.0035152411306146325,-0.002250445600816109,-0.013794719898497121,0.009601575193336043,-0.0046431944382427925
2025-07-14,0.0019080612861268609,0.003626850289564887,-0.0020980201931749543,-0.0036553174266280575,-0.00042430850114316687
2025-07-15,-0.004273327826197049,0.000916832841470594,-0.007008635961048282,-0.004155705135267751,-0.003924212227710888
2025-07-16,0.0033432228266316866,0.001023841155902705,0.0014116396431840261,0.004988096125243757,0.002768473542103189
2025-07-17,0.0061197700514912245,0.008092882106651933,-0.00023459533155290035,-0.0021735334020257513,-0.0003185899436295436
2025-07-18,-0.0007325769905220936,-0.0009610920380991317,0.0015272112255835246,0.002600924347578637,0.00276196452008981
2025-07-21,0.0018962191641356263,0.005184552792847574,0.00891603941057495,0.015370115792427752,0.0034956122598617245
2025-07-22,0.00014325586136365587,-0.005175639761297202,0.0060462809972983145,0.009484882235462067,0.002850443692633764
2025-07-23,0.008507352960706926,0.004561137612693944,-0.005547639869521781,-0.01240118112003663,-0.003579083329446675
2025-07-24,0.0003312664298054102,0.002128533024350787,-0.0017434722345646136,-0.006118276977772341,-0.001478860143348637
2025-07-25,0.00422429607985908,0.0024070978124457465,0.006287106353801253,-0.0092499926477293,0.0023275338546924207
2025-07-28,-0.00025110982092835243,0.003125091365067112,-0.006479171434046416,-0.00647361832754334,-0.0022167117618274723
2025-07-29,-0.002637703887361842,-0.0015489340755781011,0.01688602618157531,0.002750389076383808,0.0065588357428931765
2025-07-30,-0.0012592832087132688,0.001339864755069975,-0.005153653414805226,-0.017273497289540862,-0.003468310522404594
2025-07-31,-0.003751313061954642,-0.00529916645018691,0.0005755740052675318,0.0066454015709211944,0.0008438054057766653
2025-08-01,-0.016390403691366795,-0.019698778454303678,0.014216704428833937,0.020299689958884537,0.011512666431567231
2025-08-04,0.015199896036428573,0.018451438855692004,0.002732657819128681,0.005823229257701401,0.0013587800620109558
2025-08-05,-0.0050698716031125635,-0.006789474222089975,0.0030664646550271346,0.0008040912066364925,-0.0007306260552529809
2025-08-06,0.007659469496841709,0.012583376981905037,-0.005773969731588169,-0.00212110700071233,-0.0007311602599895384
2025-08-07,-0.0008375656453195601,0.003384062561483603,-0.0017080137381652039,0.008437987494967825,-0.000731695246476205
2025-08-08,0.007797543710129862,0.00932843941491912,-0.004334438297633247,-0.00022357985855403495,-0.0023014044984970283
2025-08-11,-0.001977363143624844,-0.0029589121109169225,0.0011454671742543443,-0.014374701087597641,0.0003147755370100924
2025-08-12,0.010645955345396807,0.012568801878425573,-0.005034692213264802,-0.0009074665058316222,-0.00020983992449763456
2025-08-13,0.0034231618938416197,0.0004998949036518763,0.008280552239466,0.0030492830145867345,0.003564607223345284
2025-08-14,9.295674690901201e-05,-0.0007753587870543699,-0.007414360698900224,-0.006338706734070332,-0.0032385707197662983
2025-08-15,-0.0023411604144276676,-0.004397391156927721,-0.007124687882453018,0.0005858183101099534,-0.0019910191900058827
2025-08-18,-0.00021767629592628346,-0.00039856381057601364,-0.0028934447018620357,-0.0015612675411803556,-0.0009452289460321062
2025-08-19,-0.005425301204471711,-0.013567305926601048,0.005803960943728148,-0.005473279447945512,0.0025225492568308194
2025-08-20,-0.002656910801167145,-0.005937378768955726,0.0021924992124748854,0.010122175284489776,0.0014679235551797731
2025-08-21,-0.00401188295279864,-0.004629865444433889,-0.004951568025747699,-0.0034698951143765644,-0.0029314605219598056
2025-08-22,0.01535690781484722,0.015427438158341023,0.007406520336903144,0.01070642694476942,0.005565003791130563
2025-08-25,-0.004401115445204051,-0.002884656934054597,-0.0028719314019302056,-0.0024148368614391735,-0.001983908876290963
2025-08-26,0.004187062906761296,0.004015232915554501,-0.0005759668113196614,0.007262047243691283,0.0026157532635100456
2025-08-27,0.0022785489128085423,0.001536842612600342,-0.001152597480534867,0.0020187288833615202,0.0018782063050901687
2025-08-28,0.003541316007178885,0.006259956128868982,0.006577867367477674,0.007419038046796889,0.002291493790721466
2025-08-29,-0.005963766656904346,-0.01157556659657133,-0.007108350624635662,0.00964990177666114,-0.0008312977440102509
2025-09-02,-0.007410143948452741,-0.008380175987888983,-0.00744150798629617,0.023642559312442524,-0.002984253941066606
2025-09-03,0.005419379673886393,0.007867545064627945,0.010977359481431082,0.007831992196408066,0.003453548875291146
2025-09-04,0.008357605492113285,0.009051496036850626,0.007624098751249697,-0.004418882618094533,0.004484626177335249
2025-09-05,-0.002896333007960439,0.0014428435949227492,0.015246795182852102,0.01334594055214322,0.004880239772455219
2025-09-08,0.002456656294075321,0.0048780316425294235,0.013324278036650039,0.011388067271604019,0.0030997927734770503
2025-09-09,0.00231180914368867,0.002833109098061337,-0.005682975045482874,-0.002269905468609168,-0.0023691311960117867
2025-09-10,0.002890944333292511,0.0003273999185251508,0.005715455838385841,0.0035922056391106683,0.0026843978821600167
2025-09-11,0.008310057760350764,0.005820509438208665,0.006685988977427337,-0.0014913797811720864,0.0015448747524340334
2025-09-12,-0.00033452068106376576,0.0044170862602861405,-0.004316967400616489,0.0019715725978484144,-0.0028789918244265245
2025-09-15,0.005324008789658441,0.008556972855075173,0.002334783528905371,0.01040483601055886,0.0016497479987849228
2025-09-16,-0.001377027666452424,-0.0008450788899231343,0.002107216066772555,0.0020064107533963593,0.0006175957301959301
2025-09-17,-0.0012422617581345774,-0.001995960980000211,-0.002545578888041633,-0.007715171664187115,-0.002160332492918471
2025-09-18,0.004672370490589994,0.009017042945036469,-0.010319592439977932,-0.0040063094596702875,-0.003299319307887072
2025-09-19,0.004952930300824665,0.006769360541128533,-0.0019061256169613516,0.010607227252210416,-0.0004138416409198431
2025-09-22,0.004731085163901749,0.005919971004891833,-0.0035947374105539387,0.01730643093326134,-0.001655723585762825
2025-09-23,-0.005443572672652719,-0.00664236348431424,0.006989896965473585,0.004086375052867464,0.002798729032861269
2025-09-24,-0.0031817511631335726,-0.0035105131579472593,-0.0038062563781526837,-0.009063049726670935,-0.0026875324565867054
2025-09-25,-0.004613352686594796,-0.004311291858417277,0.0,0.004165188877066628,-0.0021765361901343594
2025-09-26,0.005729103921045642,0.004110845231269922,-0.0008992225957027422,0.00577227044053652,-0.0005194513736667128
2025-09-29,0.002810434169152165,0.004631181431281384,0.008211489910945557,0.016496514338703028,0.0029098625141275036
2025-09-30,0.0037667067961630885,0.002739134291552814,-0.002900923841023695,0.008540004081594166,-0.0004144063493430883
2025-10-01,0.0034076994727081367,0.004797022405524931,0.0025825992964210176,0.0015753722020723782,0.0033691669626765286
2025-10-02,0.0011516391661055003,0.004111121841221976,0.0029118429074153074,-0.003482825151325697,0.0010364070022006455
2025-10-03,-1.4657797132167083e-05,-0.004209781352692232,-0.0018984480779644652,0.008032937892485048,-0.0019670281289606573
2025-10-06,0.003586234743913508,0.007510154587375251,-0.007943616283852983,0.01884573861512795,-0.0029046814652416986
2025-10-07,-0.0037075342375781917,-0.005265569704058781,0.005751688400009947,0.005159462258136571,0.002496968149403811
2025-10-08,0.005963018112918661,0.011463738189771755,0.0007849624588405213,0.01649095687844504,0.00020744615159906665
2025-10-09,-0.002897019428214409,-0.0012102542195092658,-0.0007843467760665357,-0.018452848086064955,-0.0007262391126690027
2025-10-10,-0.027027784753554496,-0.0347142937102668,0.01614709861237995,0.010097700011942212,0.006229899890566326
2025-10-13,0.015343957982341339,0.021221385738261933,-0.000551727720264239,0.02430104394061705,0.0005158352528926713
2025-10-14,-0.0012216094893441332,-0.006660944590322959,0.0032019277585679795,0.007141189222626965,0.0025784173816501
2025-10-15,0.0044395615943406685,0.007056768737883523,-0.0022010814632921205,0.017332403569977117,-0.0011316282448292636
2025-10-16,-0.0068100728420416035,-0.0037029302513930107,0.007500378443772604,0.02338727694573084,0.004634492297073356
2025-10-17,0.005676199184976083,0.006566773461732511,-0.0015326254842555898,-0.01881705572696646,-0.0016401350464857467
2025-10-20,0.010400512350939195,0.012600750316114295,0.0038376194466354097,0.03640197438905224,0.001334626443839193
2025-10-21,-1.4979984718554995e-05,-0.00026164463889932765,0.004915455144257175,-0.06426889260666147,0.0018459428299359981
2025-10-22,-0.005198867790280337,-0.009633888201207252,0.0006521766937321871,0.00010605594835544352,0.00020484374938045669
2025-10-23,0.005929906487662118,0.008406510401807177,-0.006843478553778093,0.004002358382396931,-0.0032748058186043982
2025-10-24,0.008172552647061071,0.010678179204553828,0.00043761103336392715,-0.0033528327110016187,0.0009241083993847266
2025-10-27,0.011797628449856656,0.01780932240951727,0.0033890458028404957,-0.027839530498784404,0.0
2025-10-28,0.0026560392684344958,0.007689812405443863,0.0026150466762224767,-0.007166030388359279,0.000923174103238722
2025-10-29,0.0004803961984587435,0.0045029912347254175,-0.01010662749503155,-0.0037872684129753864,-0.006456258472046339
2025-10-30,-0.010998213873983587,-0.015288557761366617,-0.005818330179828357,0.01964188672951095,-0.001444020060501261
2025-10-31,0.003280291056295015,0.004823934700558308,-0.0029814614156818964,-0.005430550723012573,0.00041329047418536824
2025-11-03,0.001876696652084675,0.004784903321815692,-0.0025010955117131806,0.0017929035935666526,-0.0004767205804250274
2025-11-04,-0.011853550232820531,-0.02029809145102246,0.002228829234301122,-0.017517195825319742,0.001243626059083347
2025-11-05,0.0034654021681033154,0.006507850334973142,-0.010896147721658145,0.011564369498527016,-0.004760944817241097
2025-11-06,-0.010729329446956037,-0.0186273637779365,0.008992950395388721,-0.0012005195756799036,0.005095623164391494
2025-11-07,0.0009845249103577203,-0.003155192402140461,-0.0021170300570605427,0.006119021470095687,0.00041406175579794535
2025-11-10,0.015604409628832139,0.02212410496158035,-0.0002232528650046861,0.02734111859838051,-0.0013447972626006166
2025-11-11,0.0022892483278555975,-0.00266349827862411,0.004578413492580147,0.003937814406542062,0.0031070926561282963
2025-11-12,0.0005563267009809358,-0.0007883320159972618,0.0017786323166466556,0.016110762091908537,0.000206459925168323
2025-11-13,-0.016594035637111593,-0.020415947108225807,-0.008211261409682313,-0.008083098515826892,-0.002890167766745333
2025-11-14,-0.00016358859396425895,0.0007558588119775944,-0.005706024463761117,-0.018047911171504505,-0.0016562881422400588
2025-11-17,-0.009316434859877543,-0.008540478281271802,0.00247557057850023,-0.011463979297139493,0.0011406791896175772
2025-11-18,-0.00839755294033906,-0.012175714936622062,-0.00033677246764574065,0.007264932736103624,0.0016569824305652237
2025-11-19,0.003863236168279771,0.005970073510543017,-0.00202095969520677,0.0016294519610446923,-0.0007236898515844414
2025-11-20,-0.015242367922847166,-0.023671787217586227,0.003937878906190129,-0.0002933255655774847,0.0023799796234789117
2025-11-21,0.00996119766575232,0.00751273835218047,0.003025841247173311,-0.0015473311468576778,0.0033033431824973647
2025-11-24,0.014718553120582678,0.025573261083649657,0.00569819661119686,0.01584423909859023,0.001543313508457933
2025-11-25,0.009405944613086525,0.006163769755954451,0.0025552976678409056,-0.00031569077041548876,0.0025682256034966766
2025-11-26,0.006903542517632921,0.008835636476900666,0.00443260807994017,0.007998338908444147,0.0008199046451946579
2025-11-28,0.005458373086222323,0.008107246699400328,-0.004743972836441901,0.012424331348639184,-0.0017403958837720612
2025-12-01,-0.0045654326011898005,-0.0033590309023721066,-0.012448591945371734,0.004821066034977672,-0.005369829514926261
2025-12-02,0.0018521605335179991,0.007826073319548543,0.00045043827243707035,-0.006440050713598433,0.0008272864395169055
2025-12-03,0.0034628390228845785,0.002443824006459039,0.0028149272658599678,-0.0009296182229129313,0.002066831364541555
2025-12-04,0.000731151162097321,-0.0009302875756749263,-0.005389432599117727,0.0006461951944911615,-0.0030938120517081114
2025-12-05,0.0018994238357272764,0.0040775470483929155,-0.004628745008259827,-0.0017823532991587676,-0.0020688067886325268
2025-12-08,-0.0030042012931831286,-0.0019186002268825053,-0.003289042788625518,-0.002639449868615862,-0.0020733400245053213
2025-12-09,-0.0008631857374462593,0.0012334438133960735,0.0010240871588005351,0.005137202012788666,-0.0014541084768842083
2025-12-10,0.00663226596624833,0.004095633783892216,0.003865025196834182,0.004259147967166088,0.003224839101417354
2025-12-11,0.002326892036534245,-0.003234348809736831,-0.001358711442014826,0.010769830543307712,0.00010357700877250409
2025-12-12,-0.010751920043269747,-0.01911840365084827,-0.009638590886243859,0.005594579039939429,-0.002695575267100736
2025-12-15,-0.0015108498675291404,-0.005019386618356658,0.000687126749938427,0.0009103412637567754,0.0008315049946268083
2025-12-16,-0.002732363256316539,0.001981802971139146,0.005491974889854756,0.00022745542760316262,0.0028047835695212964
2025-12-17,-0.011003655162279413,-0.018537047358446523,-0.0009103595848494184,0.008588228474273762,-0.00020726507224522184
2025-12-18,0.007551361294136916,0.014490198509077512,0.004783697789489727,-0.0018032036998043566,0.002590129124572904
2025-12-19,0.009063486264369258,0.013035360962284415,-0.003732371036822224,0.0011289903434381632,-0.0022497267330412463
2025-12-22,0.006229818660208997,0.004793529762324944,-0.002170350459997028,0.02308160549906857,-0.0010390424367233697
2025-12-23,0.004570524308344925,0.004683320360612031,0.001602565545137935,0.013252341857567629,-0.0004160492675341354
2025-12-24,0.0035176469336466454,0.002925563588204838,0.006057052008809238,-0.004134082564786756,0.0026014309867576912
2025-12-26,-0.00010148328648673655,-6.402972705099597e-05,-0.003294187977214369,0.011676735474757116,0.0009341925194350509
2025-12-29,-0.003563592192175946,-0.004840682759455928,0.003761096350085591,-0.0435283019531133,0.0014517237676390238
2025-12-30,-0.0012212056239845337,-0.002319387022803987,-0.002384424308948696,0.0007275678386380324,-0.0010355466578374495
2025-12-31,-0.0074088956888227475,-0.008265617813153048,-0.007967406106611286,-0.006467991163222386,-0.003316664754517862
2026-01-02,0.0018330346379591411,-0.0019371296799318705,-0.001491388920667469,0.004970859258759619,-0.0008320883372481269
2026-01-05,0.006660178462529753,0.007942968524083938,0.004940861642320327,0.026313174195160993,0.0030184448743062475
2026-01-06,0.005947257666825578,0.008786595304206557,-0.0020581239745907087,0.010813149047262716,-0.0007264704299628777
2026-01-07,-0.0032235029947706995,0.0009625073552126384,0.005843197458772709,-0.009559953917111952,0.0018691924816780503
2026-01-08,-0.00010151182144413351,-0.005688999652936455,-0.005011760393602738,0.005522515913727544,-0.0030057680314212742
2026-01-09,0.006613390447410161,0.00996023105487942,0.006639843454036676,0.007242001159325273,0.001143500007492415
2026-01-12,0.0015704331745678424,0.0008297496946161331,-0.002956925634433727,0.018722729613168898,-0.001245992742704427
2026-01-13,-0.0019994282038833244,-0.0014828295247444334,0.0017109054209438757,-0.0014210408732292512,0.0012475471774335833
2026-01-14,-0.004915399780203944,-0.010682829260153182,0.0058074474121778685,0.010222226854541994,0.002076871496636823
2026-01-15,0.002723377547714678,0.0035994606388298767,-0.00022639839065730083,-0.006127660830587689,-0.0020725670412240493
2026-01-16,-0.0008379420888714462,-0.0008363469702494797,-0.005775134153390371,-0.004818883830700504,-0.003842102450262619
2026-01-20,-0.020356746879827692,-0.021247109479646253,-0.013097877611449649,0.03783617488689295,-0.003961201975080764
2026-01-21,0.01154108059120329,0.013518379690002691,0.007616725522260781,0.014568979615140476,0.0026164051463974936
2026-01-22,0.005223125056595945,0.00726938199084981,0.0043525433083688725,0.01846258414950319,-0.00010434057614483461
2026-01-23,0.0003629217369318649,0.003157420737031069,0.0027366981109995248,0.013745304981574558,0.0016701958887976875
2026-01-26,0.005078079295646409,0.004400109641689687,0.004776530901898557,0.014628847613605389,0.0014591376946897494
2026-01-27,0.0039842915730679,0.009065284269015539,-0.006225214075178731,0.024531942321975864,-0.0011447716253164542
2026-01-28,-0.00010073765791229761,0.0033114338544455446,-0.002277829452087654,0.038773348494905324,-0.0008334040691601041
2026-01-29,-0.0019843514508082194,-0.005985274152202957,0.00022828502646832227,0.0027094717415592218,0.001042726121469606
2026-01-30,-0.0029825340247910948,-0.012010843010114347,-0.005592379766662159,-0.10274245274560045,-0.0006249839857543904
2026-02-02,0.004971300173138626,0.0068664977949211,-0.0028572679236972265,-0.04004945911975222,-0.0019659420162643215
2026-02-03,-0.008455418456572827,-0.015363995860281365,0.0024264680525449833,0.06358720612372104,0.0009430598664252887
2026-02-04,-0.00484383887388995,-0.017469117873106343,-0.002535899661985419,-0.0007044119795716064,-0.00020948947260224227
2026-02-05,-0.012489370624430896,-0.014395285110089362,0.010862161986008756,-0.026631707613677613,0.005863337154476289
2026-02-06,0.019184951600759614,0.021137965447641127,0.0006857783732294731,0.03073229479090611,0.0
2026-02-09,0.004821764563112119,0.0076601288352324826,-0.00022837647503948233,0.02540290594406658,0.00020806813451157424
2026-02-10,-0.0026371350560441265,-0.004639335369521991,0.011540211452241378,-0.009913720520981939,0.004371040925476466
2026-02-11,-0.00023116280847257364,0.002682115083918246,-0.005309131851906401,0.011310577541873812,-0.002797731685233673
2026-02-12,-0.015448908452140975,-0.02033890829654672,0.013286649085643365,-0.03472828959819363,0.006130575696610352
2026-02-13,0.0007046233276368774,0.0021309462986458527,0.005491445236290415,0.024878663914389865,0.0039243625209106625
2026-02-17,0.0016134293041962788,-0.0010300219796973709,0.0016718166396005874,-0.0311702543391007,-0.00010289436796717677
2026-02-18,0.00503778587126491,0.007467270408041182,-0.003783312316868681,0.022489929267582198,-0.0020575368039857933
2026-02-19,-0.002637439777890771,-0.003829877610147525,0.0010054638573762098,0.0027930496262249527,0.000927732122803171
2026-02-20,0.007231744186485312,0.00884888016577512,-0.0023432596037411546,0.019714504323102178,0.0
2026-02-23,-0.010211295817177612,-0.012154861024927022,0.003690625974745121,0.027015500392687075,0.0036049499239683147
2026-02-24,0.007268496179203332,0.010741494985549327,0.0017830951130135553,-0.01385890426498504,-0.00020530298738286046
2026-02-25,0.00843831937730477,0.014493229135896346,0.00011119062150677372,-0.0025072627221415233,-0.0008211401304286658
2026-02-26,-0.0055543945075478,-0.012064622965899163,0.004003898558028407,0.008575889154321725,0.002670958768071774
2026-02-27,-0.004801996079766391,-0.0032006550532752698,0.006092848773893156,0.01313141674919538,0.003996045635674683
2026-03-02,0.0005685897092166936,0.0013172951606528205,-0.010041985728733827,0.012919896640826822,-0.006007861951450755
2026-03-03,-0.0088144503358204,-0.01070569407223343,-0.0020087470329288593,-0.04461221500318879,-0.0011325812720054396
2026-03-04,0.007055426699429379,0.015243157069594115,-0.003130939101876784,0.007818116439543887,-0.0020617122010601063
2026-03-05,-0.005575600235334877,-0.0030126350364195753,-0.004038223871641433,-0.012017768242597593,-0.0030987564039370863
2026-03-06,-0.013107084633170007,-0.015043283953991238,-0.0037165675778372265,0.01583250339069653,-0.0006217422464942501
2026-03-09,0.008759940630667318,0.01335559691185173,0.00870460608257062,-0.0020696732193965506,0.003110403084249036
2026-03-10,-0.0016071064194473905,1.6508821196747903e-05,-0.010646878782877844,0.01127967872100144,-0.0032040849024559392
2026-03-11,-0.0012550721328115078,-0.00013176640363377068,-0.012913321087830831,-0.003390104145245987,-0.0045624296984674295
2026-03-12,-0.015184929448649576,-0.017163300525987357,-0.0019508156473837523,-0.019653925633074443,-0.003229116679738797
2026-03-13,-0.005660153274538393,-0.005927094575381431,-0.004944298646303746,-0.012936961278600778,-0.0010451169119281012
2026-03-16,0.010176873245252516,0.011217471974352744,0.007742058886022196,-0.0008896876689686861,0.004498337873563019
2026-03-17,0.0026305491982852036,0.0048802389046711525,0.0027520664671636386,-0.002519392047785618,0.001770552284037663
2026-03-18,-0.013953630828001051,-0.013939679228373136,-0.0056033108086631644,-0.03163716142328721,-0.004574287492439155
2026-03-19,-0.0024643625774001254,-0.003160260480330801,0.006094776467698182,-0.041215062676522196,-0.00010456817369242088
2026-03-20,-0.014335866992629342,-0.018481707498242073,-0.018973455920714533,-0.0305574415876555,-0.008982662393832053
2026-03-23,0.010500055284356824,0.011478971108489944,0.006524430841860829,-0.02259421410703788,0.0031620360052293517
2026-03-24,-0.0033568197458091475,-0.006836798962342794,-0.004398700553595147,0.00022274115430986896,-0.003362048839974152
2026-03-25,0.005572814791767078,0.006575620525403059,0.009650014275034646,0.030089336389747867,0.005270978838030738
2026-03-26,-0.017858712243157604,-0.023867934697473725,-0.008406193937315565,-0.0375939695290467,-0.00807479948328338
2026-03-27,-0.01705191879256185,-0.019536656388718376,-0.005458291272020244,0.035093842463368,0.00010568592759763185
2026-03-30,-0.003343469515220132,-0.007643371872404492,0.013311760952836371,-0.0002894276132928697,0.007082513304608629
2026-03-31,0.02906792539862124,0.03385390473424077,-0.00103721727776529,0.037893826237359374,0.0017844906384931747
2026-04-01,0.00753442967227369,0.012353199234057088,-0.0009843439859366088,0.017499822514495555,-0.0008727090469777821
2026-04-02,0.0009005422726844348,0.0011466275764089318,0.006144215006684606,-0.019208815315471695,0.0023148868238995757
2026-04-06,0.004726703240241825,0.006017365534718655,-0.0016131651046662476,-0.004098669687746526,-0.002624463028982893
2026-04-07,0.0004400691374961685,0.00015293726768694782,-0.0001154186686554981,0.009727589667910319,0.0025260913324660628
2026-04-08,0.0254696046172882,0.029732043596962132,0.0032318264850716982,0.00629906958171822,0.002204852141135971
2026-04-09,0.005769096571727417,0.006764706060259584,-0.002531144077122849,0.007778530578574028,-0.0003142626979282248
2026-04-10,-0.0006617946789001516,0.0014421643720912147,-0.0024221252164197127,-0.0017811851128632927,-0.001676784347042104
2026-04-13,0.009772337225445238,0.010342492251355084,0.003006167079876443,-0.004049183335572026,0.0022043078935041205
2026-04-14,0.012184915010662545,0.01815697886050316,0.005302510895656365,0.022349346089928224,0.0032468097148448116
2026-04-15,0.00789104262604634,0.013999468879074328,-0.0043572114381839055,-0.010402401583740839,-0.002192260482864361
2026-04-16,0.0024573146961406334,0.004816377928118731,-0.006334329614244849,-0.0008627455164704756,-0.0017787214930836681
2026-04-17,0.012085709684531931,0.013084122492198702,0.009156275826499805,0.013293051904224695,0.005450265201561777
2026-04-20,-0.0019997769579219726,-0.003174848913578998,-0.00022954522089979612,-0.008611208936292747,-0.0009382499062882133
2026-04-21,-0.006546877598048839,-0.00380336112828894,-0.005514191697828408,-0.028320000717914517,-0.004382314670192011
2026-04-22,0.010126679110719516,0.01673059200687632,0.0019637509187677704,0.013245809401008168,0.001048008669675582
2026-04-23,-0.0038807172806204493,-0.005632679633709281,-0.002190410322462144,-0.00969535708776803,-0.0015704078649236841
2026-04-24,0.0077492429694283604,0.019127488040923124,0.0018486525565613032,0.005127114447075254,0.0019922360968609443
2026-04-27,0.0017229416659827468,0.0005271940263615882,-0.004959209439556633,-0.007755303754327758,-0.0023022900688973724
2026-04-28,-0.004865980739709008,-0.010056759402575555,0.0010432227163323926,-0.0185629131043068,-0.0009438935572610996
2026-04-29,-0.0001546344034137892,0.006113568281962856,-0.007757399779093177,-0.010665781709228828,-0.004724415478739807
2026-04-30,0.009949685183250345,0.00932627116139395,-0.0009334034005974434,0.014973287523456946,0.0018987857250145623
2026-05-01,0.00276905737155686,0.009599622702352262,0.003575333928995228,-0.0011330099187530918,0.0007605421982046501
2026-05-04,-0.0036633809509297732,-0.0018838683316975136,-0.0075925670497252185,-0.02001512681908002,-0.003694426953593344
2026-05-05,0.008022242913074518,0.012974053527471385,0.005532019209355088,0.008584306218673232,0.0014832833183395788
2026-05-06,0.013899418730159985,0.02077436440402569,0.007608655134311748,0.030339261182306565,0.004971973331280299
2026-05-07,-0.0030660889376450395,-0.001192941202506459,-0.004995398584146549,0.001670691560653026,-0.0030526235832207815
2026-05-08,0.008256054754597786,0.023440839756069476,0.005020477872200946,0.004841540894531038,0.002639770649866202
2026-05-11,0.0022775635209937306,0.0028963917525772764,-0.006040978524565754,0.0020287362083613036,-0.0033699289289115253
2026-05-12,-0.0015148976832113359,-0.008481790799397704,-0.00666198113816685,-0.003957209812161522,-0.0033812420257965936
2026-05-13,0.005594852718878274,0.010562260792936318,-0.0022354928176325783,-0.005612899814961714,0.0
2026-05-14,0.007894249484761584,0.00710766178035227,0.0014150583516265858,-0.007642296271595517,-0.0006360825514938329
2026-05-15,-0.012029288059682064,-0.015087656778261405,-0.014837345409342673,-0.02322039069444226,-0.007956708025083081
2026-05-18,-0.0007035134425675826,-0.004302314727548051,-0.0011954844990820224,0.00273187497307803,-0.0004277833897466943
2026-05-19,-0.006660884222331576,-0.006162420032059024,-0.0064623973098890675,-0.016561892782745447,-0.003851615453428936
2026-05-20,0.010249029332388027,0.016563787343382597,0.010720323816963528,0.014337773746013083,0.006766284736851258
2026-05-21,0.0019831294549137457,0.001906965251198045,0.0036944252582746806,-0.0009822799906678004,0.0006401006999359193
2026-05-22,0.003931565762728351,0.004240666390677106,0.005461854099274799,-0.0076020599640161945,0.000852756732795612
2026-05-26,0.006638589859918387,0.01775519084548005,0.004959768731396252,0.00043495402009452455,0.004260892260613547
2026-05-27,-0.000173263723814987,-0.0011365676760621835,0.002350238210522937,-0.013309202332427494,0.0004242075763916109
2026-05-28,0.005516626676954184,0.008430926296197239,0.005158255256743294,0.010477609933210896,0.002332439357314753
2026-05-29,0.002491413132097442,0.0036840758744198787,0.00023333274894721256,0.010538571648365469,0.001163587682054379
2026-06-01,0.0027230637662387647,0.00600023569930852,0.0005384735755837866,-0.014048680044494555,-0.0017279496634354796
2026-06-02,0.0013579961566574372,0.004604508800567064,0.002105960078321978,0.001677776649860796,0.0007433402046530535
2026-06-03,-0.00701716271996522,-0.002613320951729392,-0.003969684993321954,-0.009904155768766576,-0.0025467136065751017
2026-06-04,0.003778634283035931,-0.004837372714978083,0.0022272478566165432,0.008335974543818736,0.0012766489604880693
2026-06-05,-0.025809369612244448,-0.04800098739080161,-0.005146246614174843,-0.036545333189379026,-0.005312369957951701
2026-06-08,0.002264222440912178,0.015615708159669062,-0.005172685996755355,0.002599431669397134,-0.0010681648585206815
2026-06-09,-0.002935437064612745,-0.01150725833784727,0.005908711034716685,-0.01633647245916592,0.0027801324018583706
2026-06-10,-0.015765592933211114,-0.019976509699805467,-0.00281967388510318,-0.04145558180468856,-0.0009596506953666317
2026-06-11,0.016996857394830034,0.03377582954055702,0.012959548318455694,0.03134182597256352,0.00693776066070928
2026-06-12,0.005408207317551872,0.005884685554236491,-0.0024424695638310956,0.0005694792310315666,-0.0016959548991697382
2026-06-15,0.017634009390668393,0.03141376689991193,-0.0005829128256479299,0.025896360083728753,0.0010618134542805802
2026-06-16,-0.005961575485861181,-0.019005421591015037,0.00548300859771178,0.002723533282284807,0.0025455511722503044
2026-06-17,-0.01248789492983049,-0.010070407460121666,0.001624345627797119,-0.02270955075927472,-0.005289970122046461
2026-06-18,0.010396979807429707,0.02506543768170255,0.004865044824139186,-0.003808571701190089,0.003616293456622399
2026-06-22,-0.0031469282666526377,-0.002510106841037363,-0.007608095028768802,-0.0065354381359996605,-0.003815171593269162
2026-06-23,-0.014522012225013592,-0.03292904314791367,0.0012776772165283834,-0.018903219228002643,0.0012766489604880693
2026-06-24,-0.0004635003677893046,-0.00424581964999271,0.013689210608522684,-0.030213064971899906,0.006481084796690739
2026-06-25,0.0014456368287247834,0.008105611726665796,-0.00034340944457234013,0.009674185334065832,0.0006334054485725993
2026-06-26,-0.007231332133985857,-0.013763624451209266,0.00011450913837696142,0.011286779419095394,0.0025317740365853325
2026-06-29,0.01647481275894025,0.024854210883145544,0.0010301992107195623,-0.013516094115971211,0.00031578407734422775
2026-06-30,0.007786815227913024,0.017014704222517052,-0.0117781299535753,-0.0005425733809176769,-0.0051546646727111955
2026-07-01,-0.0013525036475483532,-0.015249920059198452,-0.006759530693577709,0.006026389031102086,-0.0024294180889555816
2026-07-02,-0.0013140507435593918,-0.017333877050142776,-0.00011688875229887152,0.020318398961908235,0.000957138357315479
2026-07-06,0.008727392224116226,0.014341891788415717,-0.0007016842760674269,0.01057837238078907,0.0006374548693952597
2026-07-07,-0.004751890339538711,-0.0185246873533641,-0.010532384774988857,-0.012142502784779907,-0.0050966349727624705
2026-07-08,-0.0030894091522385425,0.0028332742996159954,-0.0022471836538101586,-0.008053135463158334,-0.002027696352778663
2026-07-09,0.008465256756416295,0.01664234062582648,0.0015409952499501056,0.009961224054354512,0.002138710713206926
2026-07-10,0.004310118179872147,0.0030831495111482976,-0.00023671842193540016,-0.003093719744077794,-0.0008536585565824817
2026-07-13,-0.007656140611366324,-0.01897977883957569,-0.005919270738271143,-0.02620621369961662,-0.003631230684572162
2026-07-14,0.0035506379166867497,0.011169826504217273,0.001310059703594657,0.013673600487310367,0.002786962877555643
2026-07-15,0.003963630921285599,-0.002709516875899598,0.0019028903136051323,0.0005374505181017231,0.002458506794874138
2026-07-16,-0.005418616825605738,-0.01644047698821338,-0.00035617704281043494,-0.01984695723728025,-0.0006396840904389078
2026-07-17,-0.009897199757215702,-0.015029585113280453,0.003681290043103358,0.009453124418586922,0.0012802690753903612
2026-07-20,-0.0016143534967409945,0.001049833101992581,-0.00745384741984334,-0.0021986307389650905,-0.003196784891623672
2026-07-21,0.008341327043244195,0.018547213156642428,-0.002741594665815583,0.019613686984128575,-0.002458933785217998
2026-07-22,-0.001162766737217713,-0.005105992167196205,-0.002629736082440548,0.011499153135369422,-0.002250583210071211
2026-07-23,-0.012349253784127878,-0.01898341826999872,-0.0032359590489078327,-0.020046439653404247,-0.0026852856595479535
2026-07-24,0.0010159657563921787,-0.011171225588826994,0.0009619017029653953,0.0010228383237773642,0.0019386047804794693
2026-07-27,0.00021661654234961247,-0.003083737064717651,0.006006015991534719,0.007340712640850455,0.002687306209040896
2026-07-28,0.0023947666975516757,-0.009719704641810822,0.005850800009034485,-0.01404054586409964,0.0030017427800319574
2026-07-29,-0.015387445003102407,-0.0203704125369063,-0.016500526780552027,0.004629481218515252,-0.004168380566904717
2026-07-30,0.01676574369337569,0.032974185798204436,-0.000603464173932089,0.016384653740035837,0.00042930307683963775
2026-07-31,0.007199869193782904,0.00649550511403274,-0.006642578531842247,-0.014900824749758845,-0.0027894374116632648
2026-08-03,0.014242990614400597,0.017558419833591632,0.0032959594930270786,0.00045750903333918735,0.0020295096807769752
2026-08-04,0.01802895214665101,0.03396798607700635,0.007665152303669043,0.00659119276681408,0.004632689049143046
2026-08-05,-0.0019965624761277834,-0.009048819525989127,0.0021733974049249483,0.04137270374924307,0.0006433358412620827
2026-08-06,-0.0015978064697251826,-0.0036943586003114204,-0.0057831880715829564,7.699101265035146e-05,-0.0038581077621350213
2026-08-07,0.0061153280785064545,0.011726026161803071,0.0029084603452897984,0.022583179330530445,0.002366896173137567
2026-08-10,-0.0002974431285415191,-0.0029874750593527066,-0.00845826958468221,0.01021408716277361,-0.004400464815840555
2026-08-11,-0.003195199981383512,-0.0033570309855425196,0.001584270596217685,-0.003925118140567174,0.0011858307179186678
2026-08-12,0.0025046088948632583,0.007307397746256994,-0.0009733792969137678,0.009876351898066904,0.0009690759727860598
2026-08-13,0.006977515074108265,0.011565558900105577,0.005845779578274479,-0.014719010607066263,0.0036574917340934654
2026-08-14,-0.0019797506799419384,-0.0013659895774928987,-0.006659363813487751,0.006316471789712619,-0.0027867323734889204
2026-08-17,-0.004727362317670902,-0.0016414463662972612,-0.008410489858243442,0.009987992274373525,-0.002149649724201952
2026-08-18,-0.00675574496080833,-0.01693450262957852,0.0038107683059835917,-0.017115101749848094,0.0009694716630979094
2026-08-19,0.0020977847370853286,-0.0019929933468779693,0.016654282121715935,0.0383640923679176,0.004842333917446595
2026-08-20,-0.008399827926766523,-0.007191967784539344,-0.008190822577626156,0.003431310265562093,-0.004069389448909222
2026-08-21,0.004091229991858514,0.0035306004690811577,-0.0035219095046445936,0.019505792504578512,-0.00193552508970396
2026-08-24,-0.0029384361156037375,-0.009979809224073155,0.00621567092815023,0.007865686897826407,0.002047011729958692
2026-08-25,0.003195939766817757,0.006229419148941817,0.01102236030514292,0.0032342095547504,0.0053758165145951775
2026-08-26,0.00022200767959623668,0.0009145998999007254,-0.00203664305951734,-0.015768448815633995,-0.00203190687438759
2026-08-27,0.006552844629756693,0.01369187666225713,-0.0020408913798588557,0.0030380678748822554,-0.0009644029944245736
2026-08-28,-0.0022694869107554583,-0.006489984566639517,-0.003007345761939284,-0.03244200486764748,-0.004076018776788648
2026-08-31,-0.002989548034258882,0.0004606410859646637,-0.004343648119223276,-0.0011494563424524484,-0.001184681408030852
2026-09-01,-0.006870413937474118,-0.012723917340435431,-0.004075074249824118,-0.028573559189207676,-0.00333303033057597
2026-09-02,0.004436916429827686,0.0022610021378346445,0.000977088053945252,0.015198484635909004,0.0008686409596105893
2026-09-03,0.010468417941536634,0.011885952275470846,0.0014643410744459295,0.01847162834290339,0.0010848174635500474
2026-09-04,-0.0038542322600894074,0.001797537995484877,0.0017058534198735043,-0.008410151130527455,-0.00032508430530675536
2026-09-08,-0.005492178930014524,-0.0008345896889334625,-0.00012166568959803836,-0.017331632085403892,-0.0009755700584349603
2026-09-09,-0.004647717444469568,-0.002853705432890319,-0.005717683804836726,0.009081369137713402,-0.0028212036230350623
2026-09-10,-0.005994275703456675,-0.010637845546144553,-0.011623694342551727,-0.017329913589140267,-0.007834615982028836
2026-09-11,0.008524301461116268,0.008734428904149771,0.0011141862917212197,0.006080340476276369,-0.00186442386901009
2026-09-14,-0.004461653484890693,-0.007973383180531979,0.0007419012805249814,-0.01487070952969316,-0.0008790443816816262
2026-09-15,-0.004586752409134642,-0.006542788426574742,-0.002718413689281274,0.0033346847846598138,-0.001209728472257643
2026-09-16,-0.0044098804847823025,0.000255475461144572,0.00210628386660483,-0.006114432828691951,-0.000990930832339032
2026-09-17,0.011338753705953053,0.0173118582049816,0.011127615683009573,0.01689895155515475,0.005731253431356498
2026-09-18,0.0012869590529585029,0.006318737662307061,-0.0064807873221813805,0.007053991815196836,-0.004931473405393794
